label,utc_time,seconds,outcome,detail
EVENT,22:33:47,0,-,delete-leader start (probes running)
STATE,22:33:49,0,webhook-present,66rst:1/1:Running 9s8nb:1/1:Running 
STATE,22:33:52,0,webhook-present,66rst:1/1:Running 9s8nb:1/1:Running 
delete-leader-p1,22:33:47,6.29,denied-by-policy,"Error from server: error when creating  tests/r1-t3-unsigned-ghcr.yaml : admission webhook  ivpol.validate.kyverno.svc-fail-finegrained-r3c-split-sbom  denied t"
delete-leader-p2,22:33:47,7.46,denied-by-policy,"Error from server: error when creating  tests/r1-t3-unsigned-ghcr.yaml : admission webhook  ivpol.validate.kyverno.svc-fail-finegrained-r3c-split-sig  denied th"
STATE,22:33:55,0,webhook-present,66rst:1/1:Running 9s8nb:1/1:Running 
STATE,22:33:58,0,webhook-present,66rst:1/1:Running 9s8nb:1/1:Running 
delete-leader-p1,22:33:53,5.49,denied-by-policy,"Error from server: error when creating  tests/r1-t3-unsigned-ghcr.yaml : admission webhook  ivpol.validate.kyverno.svc-fail-finegrained-r3c-split-sbom  denied t"
STATE,22:34:00,0,webhook-present,66rst:1/1:Running 9s8nb:1/1:Running 
delete-leader-p2,22:33:55,6.42,denied-by-policy,"Error from server: error when creating  tests/r1-t3-unsigned-ghcr.yaml : admission webhook  ivpol.validate.kyverno.svc-fail-finegrained-r3c-split-sig  denied th"
EVENT,22:34:01,0,-,delete-leader ACTION
EVENT,22:34:01,0,-,deleting LEADER pod kyverno-admission-controller-664c498946-9s8nb
EVENT,22:34:02,0,-,delete-leader action returned
STATE,22:34:03,0,webhook-present,66rst:1/1:Running 6nxqx:0/1:Init:0/1 9s8nb:1/1:Terminating 
delete-leader-p1,22:33:59,6.00,denied-by-policy,"Error from server: error when creating  tests/r1-t3-unsigned-ghcr.yaml : admission webhook  ivpol.validate.kyverno.svc-fail-finegrained-r3c-split-sig  denied th"
STATE,22:34:06,0,webhook-present,66rst:1/1:Running 6nxqx:0/1:Init:0/1 9s8nb:1/1:Terminating 
STATE,22:34:09,0,webhook-present,66rst:1/1:Running 6nxqx:0/1:Init:0/1 
delete-leader-p2,22:34:01,9.53,denied-by-policy,"Error from server: error when creating  tests/r1-t3-unsigned-ghcr.yaml : admission webhook  ivpol.validate.kyverno.svc-fail-finegrained-r3c-split-sbom  denied t"
STATE,22:34:12,0,webhook-present,66rst:1/1:Running 6nxqx:0/1:Init:0/1 
delete-leader-p1,22:34:05,8.73,denied-by-policy,"Error from server: error when creating  tests/r1-t3-unsigned-ghcr.yaml : admission webhook  ivpol.validate.kyverno.svc-fail-finegrained-r3c-split-vuln  denied t"
STATE,22:34:15,0,webhook-present,66rst:1/1:Running 6nxqx:0/1:Init:0/1 
delete-leader-p2,22:34:11,6.27,denied-by-policy,"Error from server: error when creating  tests/r1-t3-unsigned-ghcr.yaml : admission webhook  ivpol.validate.kyverno.svc-fail-finegrained-r3c-split-vuln  denied t"
STATE,22:34:17,0,webhook-present,66rst:1/1:Running 6nxqx:0/1:Init:0/1 
STATE,22:34:20,0,webhook-present,66rst:1/1:Running 6nxqx:0/1:Init:0/1 
delete-leader-p1,22:34:14,6.37,denied-by-policy,"Error from server: error when creating  tests/r1-t3-unsigned-ghcr.yaml : admission webhook  ivpol.validate.kyverno.svc-fail-finegrained-r3c-split-sig  denied th"
STATE,22:34:22,0,webhook-present,66rst:1/1:Running 6nxqx:0/1:Init:0/1 
delete-leader-p2,22:34:17,6.34,denied-by-policy,"Error from server: error when creating  tests/r1-t3-unsigned-ghcr.yaml : admission webhook  ivpol.validate.kyverno.svc-fail-finegrained-r3c-split-vuln  denied t"
STATE,22:34:25,0,webhook-present,66rst:1/1:Running 6nxqx:0/1:Init:0/1 
delete-leader-p1,22:34:20,6.04,denied-by-policy,"Error from server: error when creating  tests/r1-t3-unsigned-ghcr.yaml : admission webhook  ivpol.validate.kyverno.svc-fail-finegrained-r3c-split-vuln  denied t"
STATE,22:34:28,0,webhook-present,66rst:1/1:Running 6nxqx:0/1:Running 
delete-leader-p2,22:34:23,6.92,denied-by-policy,"Error from server: error when creating  tests/r1-t3-unsigned-ghcr.yaml : admission webhook  ivpol.validate.kyverno.svc-fail-finegrained-r3c-split-vuln  denied t"
STATE,22:34:30,0,webhook-present,66rst:1/1:Running 6nxqx:0/1:Running 
STATE,22:34:33,0,webhook-present,66rst:1/1:Running 6nxqx:0/1:Running 
delete-leader-p1,22:34:26,7.06,denied-by-policy,"Error from server: error when creating  tests/r1-t3-unsigned-ghcr.yaml : admission webhook  ivpol.validate.kyverno.svc-fail-finegrained-r3c-split-sbom  denied t"
STATE,22:34:35,0,webhook-present,66rst:1/1:Running 6nxqx:1/1:Running 
delete-leader-p2,22:34:30,6.29,denied-by-policy,"Error from server: error when creating  tests/r1-t3-unsigned-ghcr.yaml : admission webhook  ivpol.validate.kyverno.svc-fail-finegrained-r3c-split-vuln  denied t"
STATE,22:34:38,0,webhook-present,66rst:1/1:Running 6nxqx:1/1:Running 
delete-leader-p1,22:34:33,6.56,denied-by-policy,"Error from server: error when creating  tests/r1-t3-unsigned-ghcr.yaml : admission webhook  ivpol.validate.kyverno.svc-fail-finegrained-r3c-split-sig  denied th"
STATE,22:34:41,0,webhook-present,66rst:1/1:Running 6nxqx:1/1:Running 
delete-leader-p2,22:34:37,6.37,denied-by-policy,"Error from server: error when creating  tests/r1-t3-unsigned-ghcr.yaml : admission webhook  ivpol.validate.kyverno.svc-fail-finegrained-r3c-split-sig  denied th"
STATE,22:34:43,0,webhook-present,66rst:1/1:Running 6nxqx:1/1:Running 
STATE,22:34:46,0,webhook-present,66rst:1/1:Running 6nxqx:1/1:Running 
delete-leader-p1,22:34:40,6.10,denied-by-policy,"Error from server: error when creating  tests/r1-t3-unsigned-ghcr.yaml : admission webhook  ivpol.validate.kyverno.svc-fail-finegrained-r3c-split-vuln  denied t"
STATE,22:34:48,0,webhook-present,66rst:1/1:Running 6nxqx:1/1:Running 
delete-leader-p2,22:34:43,6.36,denied-by-policy,"Error from server: error when creating  tests/r1-t3-unsigned-ghcr.yaml : admission webhook  ivpol.validate.kyverno.svc-fail-finegrained-r3c-split-vuln  denied t"
STATE,22:34:51,0,webhook-present,66rst:1/1:Running 6nxqx:1/1:Running 
delete-leader-p1,22:34:46,6.16,denied-by-policy,"Error from server: error when creating  tests/r1-t3-unsigned-ghcr.yaml : admission webhook  ivpol.validate.kyverno.svc-fail-finegrained-r3c-split-sbom  denied t"
STATE,22:34:53,0,webhook-present,66rst:1/1:Running 6nxqx:1/1:Running 
delete-leader-p2,22:34:49,5.91,denied-by-policy,"Error from server: error when creating  tests/r1-t3-unsigned-ghcr.yaml : admission webhook  ivpol.validate.kyverno.svc-fail-finegrained-r3c-split-sbom  denied t"
STATE,22:34:56,0,webhook-present,66rst:1/1:Running 6nxqx:1/1:Running 
delete-leader-p1,22:34:52,6.17,denied-by-policy,"Error from server: error when creating  tests/r1-t3-unsigned-ghcr.yaml : admission webhook  ivpol.validate.kyverno.svc-fail-finegrained-r3c-split-sbom  denied t"
STATE,22:34:58,0,webhook-present,66rst:1/1:Running 6nxqx:1/1:Running 
STATE,22:35:01,0,webhook-present,66rst:1/1:Running 6nxqx:1/1:Running 
delete-leader-p2,22:34:55,6.36,denied-by-policy,"Error from server: error when creating  tests/r1-t3-unsigned-ghcr.yaml : admission webhook  ivpol.validate.kyverno.svc-fail-finegrained-r3c-split-sbom  denied t"
STATE,22:35:03,0,webhook-present,66rst:1/1:Running 6nxqx:1/1:Running 
delete-leader-p1,22:34:59,6.35,denied-by-policy,"Error from server: error when creating  tests/r1-t3-unsigned-ghcr.yaml : admission webhook  ivpol.validate.kyverno.svc-fail-finegrained-r3c-split-sig  denied th"
STATE,22:35:06,0,webhook-present,66rst:1/1:Running 6nxqx:1/1:Running 
delete-leader-p2,22:35:02,6.11,denied-by-policy,"Error from server: error when creating  tests/r1-t3-unsigned-ghcr.yaml : admission webhook  ivpol.validate.kyverno.svc-fail-finegrained-r3c-split-vuln  denied t"
STATE,22:35:08,0,webhook-present,66rst:1/1:Running 6nxqx:1/1:Running 
delete-leader-p1,22:35:05,6.41,denied-by-policy,"Error from server: error when creating  tests/r1-t3-unsigned-ghcr.yaml : admission webhook  ivpol.validate.kyverno.svc-fail-finegrained-r3c-split-vuln  denied t"
STATE,22:35:11,0,webhook-present,66rst:1/1:Running 6nxqx:1/1:Running 
STATE,22:35:14,0,webhook-present,66rst:1/1:Running 6nxqx:1/1:Running 
delete-leader-p2,22:35:08,7.91,denied-by-policy,"Error from server: error when creating  tests/r1-t3-unsigned-ghcr.yaml : admission webhook  ivpol.validate.kyverno.svc-fail-finegrained-r3c-split-sig  denied th"
STATE,22:35:17,0,webhook-present,66rst:1/1:Running 6nxqx:1/1:Running 
STATE,22:35:19,0,webhook-present,66rst:1/1:Running 6nxqx:1/1:Running 
delete-leader-p1,22:35:11,8.83,denied-by-policy,"Error from server: error when creating  tests/r1-t3-unsigned-ghcr.yaml : admission webhook  ivpol.validate.kyverno.svc-fail-finegrained-r3c-split-vuln  denied t"
STATE,22:35:21,0,webhook-present,66rst:1/1:Running 6nxqx:1/1:Running 
STATE,22:35:24,0,webhook-present,66rst:1/1:Running 6nxqx:1/1:Running 
delete-leader-p2,22:35:16,8.77,denied-by-policy,"Error from server: error when creating  tests/r1-t3-unsigned-ghcr.yaml : admission webhook  ivpol.validate.kyverno.svc-fail-finegrained-r3c-split-sbom  denied t"
delete-leader-p1,22:35:20,9.01,denied-by-policy,"Error from server: error when creating  tests/r1-t3-unsigned-ghcr.yaml : admission webhook  ivpol.validate.kyverno.svc-fail-finegrained-r3c-split-vuln  denied t"
delete-leader-p2,22:35:25,9.07,denied-by-policy,"Error from server: error when creating  tests/r1-t3-unsigned-ghcr.yaml : admission webhook  ivpol.validate.kyverno.svc-fail-finegrained-r3c-split-sig  denied th"
EVENT,22:35:34,0,-,delete-leader end
EVENT,22:36:00,0,-,delete-other start (probes running)
STATE,22:36:03,0,webhook-present,66rst:1/1:Running 6nxqx:1/1:Running 
STATE,22:36:06,0,webhook-present,66rst:1/1:Running 6nxqx:1/1:Running 
delete-other-p1,22:36:00,7.04,denied-by-policy,"Error from server: error when creating  tests/r1-t3-unsigned-ghcr.yaml : admission webhook  ivpol.validate.kyverno.svc-fail-finegrained-r3c-split-sbom  denied t"
STATE,22:36:08,0,webhook-present,66rst:1/1:Running 6nxqx:1/1:Running 
delete-other-p2,22:36:00,10.09,denied-by-policy,"Error from server: error when creating  tests/r1-t3-unsigned-ghcr.yaml : admission webhook  ivpol.validate.kyverno.svc-fail-finegrained-r3c-split-vuln  denied t"
STATE,22:36:11,0,webhook-present,66rst:1/1:Running 6nxqx:1/1:Running 
STATE,22:36:13,0,webhook-present,66rst:1/1:Running 6nxqx:1/1:Running 
delete-other-p1,22:36:08,6.04,denied-by-policy,"Error from server: error when creating  tests/r1-t3-unsigned-ghcr.yaml : admission webhook  ivpol.validate.kyverno.svc-fail-finegrained-r3c-split-sig  denied th"
EVENT,22:36:14,0,-,delete-other ACTION
EVENT,22:36:15,0,-,deleting NON-leader pod kyverno-admission-controller-664c498946-6nxqx (leader kyverno-admission-controller-664c498946-66rst)
EVENT,22:36:15,0,-,delete-other action returned
STATE,22:36:16,0,webhook-present,66rst:1/1:Running 6nxqx:1/1:Terminating qktps:0/1:Pending 
delete-other-p2,22:36:11,6.22,denied-by-policy,"Error from server: error when creating  tests/r1-t3-unsigned-ghcr.yaml : admission webhook  ivpol.validate.kyverno.svc-fail-finegrained-r3c-split-vuln  denied t"
STATE,22:36:19,0,webhook-present,66rst:1/1:Running qktps:0/1:Init:0/1 
STATE,22:36:22,0,webhook-present,66rst:1/1:Running qktps:0/1:Init:0/1 
delete-other-p1,22:36:14,8.65,denied-by-policy,"Error from server: error when creating  tests/r1-t3-unsigned-ghcr.yaml : admission webhook  ivpol.validate.kyverno.svc-fail-finegrained-r3c-split-sbom  denied t"
STATE,22:36:24,0,webhook-present,66rst:1/1:Running qktps:0/1:Init:0/1 
delete-other-p2,22:36:17,8.19,denied-by-policy,"Error from server: error when creating  tests/r1-t3-unsigned-ghcr.yaml : admission webhook  ivpol.validate.kyverno.svc-fail-finegrained-r3c-split-sbom  denied t"
STATE,22:36:27,0,webhook-present,66rst:1/1:Running qktps:0/1:Init:0/1 
delete-other-p1,22:36:22,5.90,denied-by-policy,"Error from server: error when creating  tests/r1-t3-unsigned-ghcr.yaml : admission webhook  ivpol.validate.kyverno.svc-fail-finegrained-r3c-split-sbom  denied t"
STATE,22:36:29,0,webhook-present,66rst:1/1:Running qktps:0/1:Init:0/1 
delete-other-p2,22:36:25,6.12,denied-by-policy,"Error from server: error when creating  tests/r1-t3-unsigned-ghcr.yaml : admission webhook  ivpol.validate.kyverno.svc-fail-finegrained-r3c-split-sig  denied th"
STATE,22:36:32,0,webhook-present,66rst:1/1:Running qktps:0/1:Init:0/1 
delete-other-p1,22:36:28,6.07,denied-by-policy,"Error from server: error when creating  tests/r1-t3-unsigned-ghcr.yaml : admission webhook  ivpol.validate.kyverno.svc-fail-finegrained-r3c-split-sig  denied th"
STATE,22:36:35,0,webhook-present,66rst:1/1:Running qktps:0/1:Init:0/1 
STATE,22:36:37,0,webhook-present,66rst:1/1:Running qktps:0/1:PodInitializing 
delete-other-p2,22:36:31,7.08,denied-by-policy,"Error from server: error when creating  tests/r1-t3-unsigned-ghcr.yaml : admission webhook  ivpol.validate.kyverno.svc-fail-finegrained-r3c-split-sig  denied th"
STATE,22:36:40,0,webhook-present,66rst:1/1:Running qktps:0/1:Running 
delete-other-p1,22:36:34,7.03,denied-by-policy,"Error from server: error when creating  tests/r1-t3-unsigned-ghcr.yaml : admission webhook  ivpol.validate.kyverno.svc-fail-finegrained-r3c-split-sig  denied th"
STATE,22:36:43,0,webhook-present,66rst:1/1:Running qktps:0/1:Running 
delete-other-p2,22:36:38,6.07,denied-by-policy,"Error from server: error when creating  tests/r1-t3-unsigned-ghcr.yaml : admission webhook  ivpol.validate.kyverno.svc-fail-finegrained-r3c-split-sbom  denied t"
STATE,22:36:45,0,webhook-present,66rst:1/1:Running qktps:1/1:Running 
delete-other-p1,22:36:41,6.38,denied-by-policy,"Error from server: error when creating  tests/r1-t3-unsigned-ghcr.yaml : admission webhook  ivpol.validate.kyverno.svc-fail-finegrained-r3c-split-vuln  denied t"
STATE,22:36:48,0,webhook-present,66rst:1/1:Running qktps:1/1:Running 
STATE,22:36:50,0,webhook-present,66rst:1/1:Running qktps:1/1:Running 
delete-other-p2,22:36:45,6.67,denied-by-policy,"Error from server: error when creating  tests/r1-t3-unsigned-ghcr.yaml : admission webhook  ivpol.validate.kyverno.svc-fail-finegrained-r3c-split-vuln  denied t"
STATE,22:36:53,0,webhook-present,66rst:1/1:Running qktps:1/1:Running 
delete-other-p1,22:36:48,6.70,denied-by-policy,"Error from server: error when creating  tests/r1-t3-unsigned-ghcr.yaml : admission webhook  ivpol.validate.kyverno.svc-fail-finegrained-r3c-split-vuln  denied t"
STATE,22:36:55,0,webhook-present,66rst:1/1:Running qktps:1/1:Running 
delete-other-p2,22:36:51,6.41,denied-by-policy,"Error from server: error when creating  tests/r1-t3-unsigned-ghcr.yaml : admission webhook  ivpol.validate.kyverno.svc-fail-finegrained-r3c-split-sbom  denied t"
STATE,22:36:58,0,webhook-present,66rst:1/1:Running qktps:1/1:Running 
delete-other-p1,22:36:55,5.99,denied-by-policy,"Error from server: error when creating  tests/r1-t3-unsigned-ghcr.yaml : admission webhook  ivpol.validate.kyverno.svc-fail-finegrained-r3c-split-sig  denied th"
STATE,22:37:00,0,webhook-present,66rst:1/1:Running qktps:1/1:Running 
STATE,22:37:03,0,webhook-present,66rst:1/1:Running qktps:1/1:Running 
delete-other-p2,22:36:58,6.09,denied-by-policy,"Error from server: error when creating  tests/r1-t3-unsigned-ghcr.yaml : admission webhook  ivpol.validate.kyverno.svc-fail-finegrained-r3c-split-sig  denied th"
STATE,22:37:06,0,webhook-present,66rst:1/1:Running qktps:1/1:Running 
delete-other-p1,22:37:01,6.23,denied-by-policy,"Error from server: error when creating  tests/r1-t3-unsigned-ghcr.yaml : admission webhook  ivpol.validate.kyverno.svc-fail-finegrained-r3c-split-sig  denied th"
STATE,22:37:08,0,webhook-present,66rst:1/1:Running qktps:1/1:Running 
delete-other-p2,22:37:04,6.62,denied-by-policy,"Error from server: error when creating  tests/r1-t3-unsigned-ghcr.yaml : admission webhook  ivpol.validate.kyverno.svc-fail-finegrained-r3c-split-vuln  denied t"
STATE,22:37:11,0,webhook-present,66rst:1/1:Running qktps:1/1:Running 
delete-other-p1,22:37:07,6.57,denied-by-policy,"Error from server: error when creating  tests/r1-t3-unsigned-ghcr.yaml : admission webhook  ivpol.validate.kyverno.svc-fail-finegrained-r3c-split-sbom  denied t"
STATE,22:37:14,0,webhook-present,66rst:1/1:Running qktps:1/1:Running 
delete-other-p2,22:37:10,5.92,denied-by-policy,"Error from server: error when creating  tests/r1-t3-unsigned-ghcr.yaml : admission webhook  ivpol.validate.kyverno.svc-fail-finegrained-r3c-split-sig  denied th"
STATE,22:37:16,0,webhook-present,66rst:1/1:Running qktps:1/1:Running 
STATE,22:37:19,0,webhook-present,66rst:1/1:Running qktps:1/1:Running 
delete-other-p1,22:37:14,5.87,denied-by-policy,"Error from server: error when creating  tests/r1-t3-unsigned-ghcr.yaml : admission webhook  ivpol.validate.kyverno.svc-fail-finegrained-r3c-split-sig  denied th"
STATE,22:37:21,0,webhook-present,66rst:1/1:Running qktps:1/1:Running 
delete-other-p2,22:37:16,6.04,denied-by-policy,"Error from server: error when creating  tests/r1-t3-unsigned-ghcr.yaml : admission webhook  ivpol.validate.kyverno.svc-fail-finegrained-r3c-split-sbom  denied t"
STATE,22:37:24,0,webhook-present,66rst:1/1:Running qktps:1/1:Running 
delete-other-p1,22:37:19,6.17,denied-by-policy,"Error from server: error when creating  tests/r1-t3-unsigned-ghcr.yaml : admission webhook  ivpol.validate.kyverno.svc-fail-finegrained-r3c-split-vuln  denied t"
STATE,22:37:26,0,webhook-present,66rst:1/1:Running qktps:1/1:Running 
delete-other-p2,22:37:23,6.26,denied-by-policy,"Error from server: error when creating  tests/r1-t3-unsigned-ghcr.yaml : admission webhook  ivpol.validate.kyverno.svc-fail-finegrained-r3c-split-sig  denied th"
STATE,22:37:29,0,webhook-present,66rst:1/1:Running qktps:1/1:Running 
STATE,22:37:31,0,webhook-present,66rst:1/1:Running qktps:1/1:Running 
delete-other-p1,22:37:26,6.31,denied-by-policy,"Error from server: error when creating  tests/r1-t3-unsigned-ghcr.yaml : admission webhook  ivpol.validate.kyverno.svc-fail-finegrained-r3c-split-sig  denied th"
STATE,22:37:34,0,webhook-present,66rst:1/1:Running qktps:1/1:Running 
delete-other-p2,22:37:29,6.17,denied-by-policy,"Error from server: error when creating  tests/r1-t3-unsigned-ghcr.yaml : admission webhook  ivpol.validate.kyverno.svc-fail-finegrained-r3c-split-vuln  denied t"
STATE,22:37:37,0,webhook-present,66rst:1/1:Running qktps:1/1:Running 
delete-other-p1,22:37:32,6.27,denied-by-policy,"Error from server: error when creating  tests/r1-t3-unsigned-ghcr.yaml : admission webhook  ivpol.validate.kyverno.svc-fail-finegrained-r3c-split-sbom  denied t"
STATE,22:37:39,0,webhook-present,66rst:1/1:Running qktps:1/1:Running 
delete-other-p2,22:37:35,6.30,denied-by-policy,"Error from server: error when creating  tests/r1-t3-unsigned-ghcr.yaml : admission webhook  ivpol.validate.kyverno.svc-fail-finegrained-r3c-split-vuln  denied t"
delete-other-p1,22:37:38,6.49,denied-by-policy,"Error from server: error when creating  tests/r1-t3-unsigned-ghcr.yaml : admission webhook  ivpol.validate.kyverno.svc-fail-finegrained-r3c-split-sig  denied th"
EVENT,22:37:45,0,-,delete-other end
EVENT,22:38:11,0,-,rollout-restart start (probes running)
STATE,22:38:14,0,webhook-present,66rst:1/1:Running qktps:1/1:Running 
STATE,22:38:17,0,webhook-present,66rst:1/1:Running qktps:1/1:Running 
STATE,22:38:19,0,webhook-present,66rst:1/1:Running qktps:1/1:Running 
rollout-restart-p2,22:38:11,10.16,denied-by-policy,"Error from server: error when creating  tests/r1-t3-unsigned-ghcr.yaml : admission webhook  ivpol.validate.kyverno.svc-fail-finegrained-r3c-split-vuln  denied t"
STATE,22:38:22,0,webhook-present,66rst:1/1:Running qktps:1/1:Running 
rollout-restart-p1,22:38:11,11.49,denied-by-policy,"Error from server: error when creating  tests/r1-t3-unsigned-ghcr.yaml : admission webhook  ivpol.validate.kyverno.svc-fail-finegrained-r3c-split-sbom  denied t"
STATE,22:38:24,0,webhook-present,66rst:1/1:Running qktps:1/1:Running 
EVENT,22:38:25,0,-,rollout-restart ACTION
EVENT,22:38:25,0,-,rollout restart
EVENT,22:38:26,0,-,rollout-restart action returned
STATE,22:38:27,0,webhook-present,66rst:1/1:Running qktps:1/1:Running lx66c:0/1:Pending 
rollout-restart-p2,22:38:22,7.15,denied-by-policy,"Error from server: error when creating  tests/r1-t3-unsigned-ghcr.yaml : admission webhook  ivpol.validate.kyverno.svc-fail-finegrained-r3c-split-sig  denied th"
STATE,22:38:30,0,webhook-present,66rst:1/1:Running qktps:1/1:Running lx66c:0/1:Pending 
STATE,22:38:32,0,webhook-present,66rst:1/1:Running qktps:1/1:Running lx66c:0/1:Pending 
rollout-restart-p1,22:38:23,10.25,denied-by-policy,"Error from server: error when creating  tests/r1-t3-unsigned-ghcr.yaml : admission webhook  ivpol.validate.kyverno.svc-fail-finegrained-r3c-split-sbom  denied t"
STATE,22:38:35,0,webhook-present,66rst:1/1:Running qktps:1/1:Running lx66c:0/1:Pending 
STATE,22:38:37,0,webhook-present,66rst:1/1:Running qktps:1/1:Running lx66c:0/1:Pending 
rollout-restart-p2,22:38:29,8.82,denied-by-policy,"Error from server: error when creating  tests/r1-t3-unsigned-ghcr.yaml : admission webhook  ivpol.validate.kyverno.svc-fail-finegrained-r3c-split-sig  denied th"
STATE,22:38:40,0,webhook-present,66rst:1/1:Running qktps:1/1:Running lx66c:0/1:Pending 
rollout-restart-p1,22:38:33,8.63,denied-by-policy,"Error from server: error when creating  tests/r1-t3-unsigned-ghcr.yaml : admission webhook  ivpol.validate.kyverno.svc-fail-finegrained-r3c-split-vuln  denied t"
STATE,22:38:43,0,webhook-present,66rst:1/1:Running qktps:1/1:Running lx66c:0/1:Pending 
STATE,22:38:45,0,webhook-present,66rst:1/1:Running qktps:1/1:Running lx66c:0/1:Pending 
rollout-restart-p2,22:38:38,8.96,denied-by-policy,"Error from server: error when creating  tests/r1-t3-unsigned-ghcr.yaml : admission webhook  ivpol.validate.kyverno.svc-fail-finegrained-r3c-split-sbom  denied t"
STATE,22:38:48,0,webhook-present,66rst:1/1:Running qktps:1/1:Running lx66c:0/1:Pending 
rollout-restart-p1,22:38:42,7.95,denied-by-policy,"Error from server: error when creating  tests/r1-t3-unsigned-ghcr.yaml : admission webhook  ivpol.validate.kyverno.svc-fail-finegrained-r3c-split-vuln  denied t"
STATE,22:38:50,0,webhook-present,66rst:1/1:Running qktps:1/1:Running lx66c:0/1:Pending 
rollout-restart-p2,22:38:47,6.31,denied-by-policy,"Error from server: error when creating  tests/r1-t3-unsigned-ghcr.yaml : admission webhook  ivpol.validate.kyverno.svc-fail-finegrained-r3c-split-sig  denied th"
STATE,22:38:53,0,webhook-present,66rst:1/1:Running qktps:1/1:Running lx66c:0/1:Pending 
STATE,22:38:55,0,webhook-present,66rst:1/1:Running qktps:1/1:Running lx66c:0/1:Pending 
rollout-restart-p1,22:38:50,5.93,denied-by-policy,"Error from server: error when creating  tests/r1-t3-unsigned-ghcr.yaml : admission webhook  ivpol.validate.kyverno.svc-fail-finegrained-r3c-split-vuln  denied t"
STATE,22:38:58,0,webhook-present,66rst:1/1:Running qktps:1/1:Running lx66c:0/1:Pending 
rollout-restart-p2,22:38:53,6.08,denied-by-policy,"Error from server: error when creating  tests/r1-t3-unsigned-ghcr.yaml : admission webhook  ivpol.validate.kyverno.svc-fail-finegrained-r3c-split-vuln  denied t"
STATE,22:39:00,0,webhook-present,66rst:1/1:Running qktps:1/1:Running lx66c:0/1:Pending 
rollout-restart-p1,22:38:56,6.25,denied-by-policy,"Error from server: error when creating  tests/r1-t3-unsigned-ghcr.yaml : admission webhook  ivpol.validate.kyverno.svc-fail-finegrained-r3c-split-sbom  denied t"
STATE,22:39:03,0,webhook-present,66rst:1/1:Running qktps:1/1:Running lx66c:0/1:Pending 
rollout-restart-p2,22:38:59,6.07,denied-by-policy,"Error from server: error when creating  tests/r1-t3-unsigned-ghcr.yaml : admission webhook  ivpol.validate.kyverno.svc-fail-finegrained-r3c-split-sbom  denied t"
STATE,22:39:05,0,webhook-present,66rst:1/1:Running qktps:1/1:Running lx66c:0/1:Pending 
STATE,22:39:08,0,webhook-present,66rst:1/1:Running qktps:1/1:Running lx66c:0/1:Pending 
rollout-restart-p1,22:39:02,6.10,denied-by-policy,"Error from server: error when creating  tests/r1-t3-unsigned-ghcr.yaml : admission webhook  ivpol.validate.kyverno.svc-fail-finegrained-r3c-split-sig  denied th"
STATE,22:39:10,0,webhook-present,66rst:1/1:Running qktps:1/1:Running lx66c:0/1:Pending 
rollout-restart-p2,22:39:05,5.94,denied-by-policy,"Error from server: error when creating  tests/r1-t3-unsigned-ghcr.yaml : admission webhook  ivpol.validate.kyverno.svc-fail-finegrained-r3c-split-sig  denied th"
STATE,22:39:13,0,webhook-present,66rst:1/1:Running qktps:1/1:Running lx66c:0/1:Pending 
rollout-restart-p1,22:39:08,5.84,denied-by-policy,"Error from server: error when creating  tests/r1-t3-unsigned-ghcr.yaml : admission webhook  ivpol.validate.kyverno.svc-fail-finegrained-r3c-split-vuln  denied t"
STATE,22:39:16,0,webhook-present,66rst:1/1:Running qktps:1/1:Running lx66c:0/1:Pending 
rollout-restart-p2,22:39:11,6.73,denied-by-policy,"Error from server: error when creating  tests/r1-t3-unsigned-ghcr.yaml : admission webhook  ivpol.validate.kyverno.svc-fail-finegrained-r3c-split-sbom  denied t"
STATE,22:39:19,0,webhook-present,66rst:1/1:Running qktps:1/1:Running lx66c:0/1:Pending 
STATE,22:39:21,0,webhook-present,66rst:1/1:Running qktps:1/1:Running lx66c:0/1:Pending 
rollout-restart-p1,22:39:14,8.32,denied-by-policy,"Error from server: error when creating  tests/r1-t3-unsigned-ghcr.yaml : admission webhook  ivpol.validate.kyverno.svc-fail-finegrained-r3c-split-sbom  denied t"
STATE,22:39:24,0,webhook-present,66rst:1/1:Running qktps:1/1:Running lx66c:0/1:Pending 
STATE,22:39:27,0,webhook-present,66rst:1/1:Running qktps:1/1:Running lx66c:0/1:Pending 
rollout-restart-p2,22:39:18,8.93,denied-by-policy,"Error from server: error when creating  tests/r1-t3-unsigned-ghcr.yaml : admission webhook  ivpol.validate.kyverno.svc-fail-finegrained-r3c-split-sig  denied th"
STATE,22:39:30,0,webhook-present,66rst:1/1:Running qktps:1/1:Running lx66c:0/1:Pending 
rollout-restart-p1,22:39:22,9.07,denied-by-policy,"Error from server: error when creating  tests/r1-t3-unsigned-ghcr.yaml : admission webhook  ivpol.validate.kyverno.svc-fail-finegrained-r3c-split-sig  denied th"
STATE,22:39:32,0,webhook-present,66rst:1/1:Running qktps:1/1:Running lx66c:0/1:Pending 
STATE,22:39:35,0,webhook-present,66rst:1/1:Running qktps:1/1:Running lx66c:0/1:Pending 
rollout-restart-p2,22:39:27,8.86,denied-by-policy,"Error from server: error when creating  tests/r1-t3-unsigned-ghcr.yaml : admission webhook  ivpol.validate.kyverno.svc-fail-finegrained-r3c-split-sig  denied th"
STATE,22:39:37,0,webhook-present,66rst:1/1:Running qktps:1/1:Running lx66c:0/1:Pending 
rollout-restart-p1,22:39:32,7.60,denied-by-policy,"Error from server: error when creating  tests/r1-t3-unsigned-ghcr.yaml : admission webhook  ivpol.validate.kyverno.svc-fail-finegrained-r3c-split-sbom  denied t"
STATE,22:39:40,0,webhook-present,66rst:1/1:Running qktps:1/1:Running lx66c:0/1:Pending 
rollout-restart-p2,22:39:36,6.21,denied-by-policy,"Error from server: error when creating  tests/r1-t3-unsigned-ghcr.yaml : admission webhook  ivpol.validate.kyverno.svc-fail-finegrained-r3c-split-vuln  denied t"
STATE,22:39:42,0,webhook-present,66rst:1/1:Running qktps:1/1:Running lx66c:0/1:Pending 
rollout-restart-p1,22:39:39,5.71,denied-by-policy,"Error from server: error when creating  tests/r1-t3-unsigned-ghcr.yaml : admission webhook  ivpol.validate.kyverno.svc-fail-finegrained-r3c-split-sig  denied th"
STATE,22:39:45,0,webhook-present,66rst:1/1:Running qktps:1/1:Running lx66c:0/1:Pending 
STATE,22:39:47,0,webhook-present,66rst:1/1:Running qktps:1/1:Running lx66c:0/1:Pending 
rollout-restart-p2,22:39:42,6.10,denied-by-policy,"Error from server: error when creating  tests/r1-t3-unsigned-ghcr.yaml : admission webhook  ivpol.validate.kyverno.svc-fail-finegrained-r3c-split-vuln  denied t"
STATE,22:39:50,0,webhook-present,66rst:1/1:Running qktps:1/1:Running lx66c:0/1:Pending 
rollout-restart-p1,22:39:45,6.43,denied-by-policy,"Error from server: error when creating  tests/r1-t3-unsigned-ghcr.yaml : admission webhook  ivpol.validate.kyverno.svc-fail-finegrained-r3c-split-sbom  denied t"
STATE,22:39:53,0,webhook-present,66rst:1/1:Running qktps:1/1:Running lx66c:0/1:Pending 
rollout-restart-p2,22:39:48,6.27,denied-by-policy,"Error from server: error when creating  tests/r1-t3-unsigned-ghcr.yaml : admission webhook  ivpol.validate.kyverno.svc-fail-finegrained-r3c-split-sbom  denied t"
STATE,22:39:55,0,webhook-present,66rst:1/1:Running qktps:1/1:Running lx66c:0/1:Pending 
rollout-restart-p1,22:39:51,6.17,denied-by-policy,"Error from server: error when creating  tests/r1-t3-unsigned-ghcr.yaml : admission webhook  ivpol.validate.kyverno.svc-fail-finegrained-r3c-split-sbom  denied t"
STATE,22:39:58,0,webhook-present,66rst:1/1:Running qktps:1/1:Running lx66c:0/1:Pending 
STATE,22:40:00,0,webhook-present,66rst:1/1:Running qktps:1/1:Running lx66c:0/1:Pending 
rollout-restart-p2,22:39:55,6.00,denied-by-policy,"Error from server: error when creating  tests/r1-t3-unsigned-ghcr.yaml : admission webhook  ivpol.validate.kyverno.svc-fail-finegrained-r3c-split-sbom  denied t"
STATE,22:40:03,0,webhook-present,66rst:1/1:Running qktps:1/1:Running lx66c:0/1:Pending 
rollout-restart-p1,22:39:58,5.89,denied-by-policy,"Error from server: error when creating  tests/r1-t3-unsigned-ghcr.yaml : admission webhook  ivpol.validate.kyverno.svc-fail-finegrained-r3c-split-sbom  denied t"
STATE,22:40:05,0,webhook-present,66rst:1/1:Running qktps:1/1:Running lx66c:0/1:Pending 
rollout-restart-p2,22:40:01,5.95,denied-by-policy,"Error from server: error when creating  tests/r1-t3-unsigned-ghcr.yaml : admission webhook  ivpol.validate.kyverno.svc-fail-finegrained-r3c-split-sbom  denied t"
STATE,22:40:08,0,webhook-present,66rst:1/1:Running qktps:1/1:Running lx66c:0/1:Pending 
rollout-restart-p1,22:40:04,6.24,denied-by-policy,"Error from server: error when creating  tests/r1-t3-unsigned-ghcr.yaml : admission webhook  ivpol.validate.kyverno.svc-fail-finegrained-r3c-split-sbom  denied t"
STATE,22:40:10,0,webhook-present,66rst:1/1:Running qktps:1/1:Running lx66c:0/1:Pending 
rollout-restart-p2,22:40:07,6.41,denied-by-policy,"Error from server: error when creating  tests/r1-t3-unsigned-ghcr.yaml : admission webhook  ivpol.validate.kyverno.svc-fail-finegrained-r3c-split-vuln  denied t"
STATE,22:40:13,0,webhook-present,66rst:1/1:Running qktps:1/1:Running lx66c:0/1:Pending 
STATE,22:40:16,0,webhook-present,66rst:1/1:Running qktps:1/1:Running lx66c:0/1:Pending 
rollout-restart-p1,22:40:10,7.55,denied-by-policy,"Error from server: error when creating  tests/r1-t3-unsigned-ghcr.yaml : admission webhook  ivpol.validate.kyverno.svc-fail-finegrained-r3c-split-sbom  denied t"
STATE,22:40:19,0,webhook-present,66rst:1/1:Running qktps:1/1:Running lx66c:0/1:Pending 
rollout-restart-p2,22:40:13,8.83,denied-by-policy,"Error from server: error when creating  tests/r1-t3-unsigned-ghcr.yaml : admission webhook  ivpol.validate.kyverno.svc-fail-finegrained-r3c-split-sig  denied th"
rollout-restart-p1,22:40:17,8.50,denied-by-policy,"Error from server: error when creating  tests/r1-t3-unsigned-ghcr.yaml : admission webhook  ivpol.validate.kyverno.svc-fail-finegrained-r3c-split-vuln  denied t"
EVENT,22:40:26,0,-,rollout-restart end
EVENT,22:50:31,0,-,rollout-restart-fixed start (probes running)
STATE,22:50:33,0,webhook-present,6r6mw:1/1:Running r4829:1/1:Running 
STATE,22:50:36,0,webhook-present,6r6mw:1/1:Running r4829:1/1:Running 
rollout-restart-fixed-p2,22:50:31,7.26,denied-by-policy,"Error from server: error when creating  tests/r1-t3-unsigned-ghcr.yaml : admission webhook  ivpol.validate.kyverno.svc-fail-finegrained-r3c-split-sig  denied th"
STATE,22:50:39,0,webhook-present,6r6mw:1/1:Running r4829:1/1:Running 
STATE,22:50:41,0,webhook-present,6r6mw:1/1:Running r4829:1/1:Running 
rollout-restart-fixed-p1,22:50:31,11.31,denied-by-policy,"Error from server: error when creating  tests/r1-t3-unsigned-ghcr.yaml : admission webhook  ivpol.validate.kyverno.svc-fail-finegrained-r3c-split-vuln  denied t"
STATE,22:50:44,0,webhook-present,6r6mw:1/1:Running r4829:1/1:Running 
rollout-restart-fixed-p2,22:50:38,6.39,denied-by-policy,"Error from server: error when creating  tests/r1-t3-unsigned-ghcr.yaml : admission webhook  ivpol.validate.kyverno.svc-fail-finegrained-r3c-split-sig  denied th"
EVENT,22:50:45,0,-,rollout-restart-fixed ACTION
EVENT,22:50:45,0,-,rollout restart
EVENT,22:50:46,0,-,rollout-restart-fixed action returned
STATE,22:50:46,0,webhook-present,ldjrr:0/1:Init:0/1 6r6mw:1/1:Running r4829:1/1:Running 
rollout-restart-fixed-p1,22:50:43,5.58,denied-by-policy,"Error from server: error when creating  tests/r1-t3-unsigned-ghcr.yaml : admission webhook  ivpol.validate.kyverno.svc-fail-finegrained-r3c-split-sig  denied th"
STATE,22:50:49,0,webhook-present,ldjrr:0/1:Init:0/1 6r6mw:1/1:Running r4829:1/1:Running 
STATE,22:50:52,0,webhook-present,ldjrr:0/1:Init:0/1 6r6mw:1/1:Running r4829:1/1:Running 
rollout-restart-fixed-p2,22:50:45,7.44,denied-by-policy,"Error from server: error when creating  tests/r1-t3-unsigned-ghcr.yaml : admission webhook  ivpol.validate.kyverno.svc-fail-finegrained-r3c-split-sig  denied th"
STATE,22:50:54,0,webhook-present,ldjrr:0/1:Init:0/1 6r6mw:1/1:Running r4829:1/1:Running 
rollout-restart-fixed-p1,22:50:48,6.55,denied-by-policy,"Error from server: error when creating  tests/r1-t3-unsigned-ghcr.yaml : admission webhook  ivpol.validate.kyverno.svc-fail-finegrained-r3c-split-sig  denied th"
STATE,22:50:57,0,webhook-present,ldjrr:0/1:Init:0/1 6r6mw:1/1:Running r4829:1/1:Running 
rollout-restart-fixed-p2,22:50:52,5.65,denied-by-policy,"Error from server: error when creating  tests/r1-t3-unsigned-ghcr.yaml : admission webhook  ivpol.validate.kyverno.svc-fail-finegrained-r3c-split-sig  denied th"
STATE,22:50:59,0,webhook-present,ldjrr:0/1:Init:0/1 6r6mw:1/1:Running r4829:1/1:Running 
rollout-restart-fixed-p1,22:50:55,6.67,denied-by-policy,"Error from server: error when creating  tests/r1-t3-unsigned-ghcr.yaml : admission webhook  ivpol.validate.kyverno.svc-fail-finegrained-r3c-split-sig  denied th"
STATE,22:51:02,0,webhook-present,ldjrr:0/1:Init:0/1 6r6mw:1/1:Running r4829:1/1:Running 
rollout-restart-fixed-p2,22:50:58,5.56,denied-by-policy,"Error from server: error when creating  tests/r1-t3-unsigned-ghcr.yaml : admission webhook  ivpol.validate.kyverno.svc-fail-finegrained-r3c-split-sig  denied th"
STATE,22:51:05,0,webhook-present,ldjrr:0/1:Init:0/1 6r6mw:1/1:Running r4829:1/1:Running 
STATE,22:51:07,0,webhook-present,ldjrr:0/1:PodInitializing 6r6mw:1/1:Running r4829:1/1:Running 
rollout-restart-fixed-p1,22:51:01,7.44,denied-by-policy,"Error from server: error when creating  tests/r1-t3-unsigned-ghcr.yaml : admission webhook  ivpol.validate.kyverno.svc-fail-finegrained-r3c-split-sig  denied th"
STATE,22:51:10,0,webhook-present,ldjrr:0/1:Running 6r6mw:1/1:Running r4829:1/1:Running 
STATE,22:51:13,0,webhook-present,ldjrr:1/1:Running 6r6mw:1/1:Running r4829:1/1:Terminating 
rollout-restart-fixed-p2,22:51:04,10.31,denied-by-policy,"Error from server: error when creating  tests/r1-t3-unsigned-ghcr.yaml : admission webhook  ivpol.validate.kyverno.svc-fail-finegrained-r3c-split-vuln  denied t"
STATE,22:51:16,0,webhook-present,d4m2f:0/1:Init:0/1 ldjrr:1/1:Running 6r6mw:1/1:Running r4829:1/1:Terminating 
rollout-restart-fixed-p1,22:51:09,9.95,denied-by-policy,"Error from server: error when creating  tests/r1-t3-unsigned-ghcr.yaml : admission webhook  ivpol.validate.kyverno.svc-fail-finegrained-r3c-split-sig  denied th"
STATE,22:51:19,0,webhook-present,d4m2f:0/1:Init:0/1 ldjrr:1/1:Running 6r6mw:1/1:Running r4829:1/1:Terminating 
STATE,22:51:22,0,webhook-present,d4m2f:0/1:Init:0/1 ldjrr:1/1:Running 6r6mw:1/1:Running 
rollout-restart-fixed-p2,22:51:14,8.37,denied-by-policy,"Error from server: error when creating  tests/r1-t3-unsigned-ghcr.yaml : admission webhook  ivpol.validate.kyverno.svc-fail-finegrained-r3c-split-vuln  denied t"
STATE,22:51:24,0,webhook-present,d4m2f:0/1:Init:0/1 ldjrr:1/1:Running 6r6mw:1/1:Running 
rollout-restart-fixed-p1,22:51:19,6.08,denied-by-policy,"Error from server: error when creating  tests/r1-t3-unsigned-ghcr.yaml : admission webhook  ivpol.validate.kyverno.svc-fail-finegrained-r3c-split-vuln  denied t"
STATE,22:51:27,0,webhook-present,d4m2f:0/1:Init:0/1 ldjrr:1/1:Running 6r6mw:1/1:Running 
rollout-restart-fixed-p2,22:51:22,6.47,denied-by-policy,"Error from server: error when creating  tests/r1-t3-unsigned-ghcr.yaml : admission webhook  ivpol.validate.kyverno.svc-fail-finegrained-r3c-split-sig  denied th"
STATE,22:51:29,0,webhook-present,d4m2f:0/1:Init:0/1 ldjrr:1/1:Running 6r6mw:1/1:Running 
rollout-restart-fixed-p1,22:51:25,6.19,denied-by-policy,"Error from server: error when creating  tests/r1-t3-unsigned-ghcr.yaml : admission webhook  ivpol.validate.kyverno.svc-fail-finegrained-r3c-split-sbom  denied t"
STATE,22:51:32,0,webhook-present,d4m2f:0/1:Init:0/1 ldjrr:1/1:Running 6r6mw:1/1:Running 
STATE,22:51:35,0,webhook-present,d4m2f:0/1:Init:0/1 ldjrr:1/1:Running 6r6mw:1/1:Running 
rollout-restart-fixed-p2,22:51:29,7.40,denied-by-policy,"Error from server: error when creating  tests/r1-t3-unsigned-ghcr.yaml : admission webhook  ivpol.validate.kyverno.svc-fail-finegrained-r3c-split-sbom  denied t"
STATE,22:51:38,0,webhook-present,d4m2f:0/1:Running ldjrr:1/1:Running 6r6mw:1/1:Running 
STATE,22:51:40,0,webhook-present,d4m2f:0/1:Running ldjrr:1/1:Running 6r6mw:1/1:Running 
rollout-restart-fixed-p1,22:51:31,9.66,denied-by-policy,"Error from server: error when creating  tests/r1-t3-unsigned-ghcr.yaml : admission webhook  ivpol.validate.kyverno.svc-fail-finegrained-r3c-split-sig  denied th"
STATE,22:51:43,0,webhook-present,d4m2f:0/1:Running ldjrr:1/1:Running 6r6mw:1/1:Running 
rollout-restart-fixed-p2,22:51:36,7.39,denied-by-policy,"Error from server: error when creating  tests/r1-t3-unsigned-ghcr.yaml : admission webhook  ivpol.validate.kyverno.svc-fail-finegrained-r3c-split-sbom  denied t"
STATE,22:51:46,0,webhook-present,d4m2f:0/1:Running ldjrr:1/1:Running 6r6mw:1/1:Running 
rollout-restart-fixed-p1,22:51:41,5.55,denied-by-policy,"Error from server: error when creating  tests/r1-t3-unsigned-ghcr.yaml : admission webhook  ivpol.validate.kyverno.svc-fail-finegrained-r3c-split-sbom  denied t"
STATE,22:51:48,0,webhook-present,d4m2f:0/1:Running ldjrr:1/1:Running 6r6mw:1/1:Running 
rollout-restart-fixed-p2,22:51:44,6.90,denied-by-policy,"Error from server: error when creating  tests/r1-t3-unsigned-ghcr.yaml : admission webhook  ivpol.validate.kyverno.svc-fail-finegrained-r3c-split-vuln  denied t"
STATE,22:51:51,0,webhook-present,d4m2f:1/1:Running ldjrr:1/1:Running 6r6mw:1/1:Terminating 
rollout-restart-fixed-p1,22:51:47,7.19,denied-by-policy,"Error from server: error when creating  tests/r1-t3-unsigned-ghcr.yaml : admission webhook  ivpol.validate.kyverno.svc-fail-finegrained-r3c-split-sbom  denied t"
STATE,22:51:54,0,webhook-present,d4m2f:1/1:Running ldjrr:1/1:Running 6r6mw:1/1:Terminating 
STATE,22:51:57,0,webhook-present,d4m2f:1/1:Running ldjrr:1/1:Running 6r6mw:1/1:Terminating 
rollout-restart-fixed-p2,22:51:51,6.59,denied-by-policy,"Error from server: error when creating  tests/r1-t3-unsigned-ghcr.yaml : admission webhook  ivpol.validate.kyverno.svc-fail-finegrained-r3c-split-sig  denied th"
STATE,22:52:00,0,webhook-present,d4m2f:1/1:Running ldjrr:1/1:Running 6r6mw:1/1:Terminating 
rollout-restart-fixed-p1,22:51:54,8.16,denied-by-policy,"Error from server: error when creating  tests/r1-t3-unsigned-ghcr.yaml : admission webhook  ivpol.validate.kyverno.svc-fail-finegrained-r3c-split-vuln  denied t"
STATE,22:52:03,0,webhook-present,d4m2f:1/1:Running ldjrr:1/1:Running 
STATE,22:52:05,0,webhook-present,d4m2f:1/1:Running ldjrr:1/1:Running 
rollout-restart-fixed-p2,22:51:57,8.51,denied-by-policy,"Error from server: error when creating  tests/r1-t3-unsigned-ghcr.yaml : admission webhook  ivpol.validate.kyverno.svc-fail-finegrained-r3c-split-vuln  denied t"
STATE,22:52:08,0,webhook-present,d4m2f:1/1:Running ldjrr:1/1:Running 
rollout-restart-fixed-p1,22:52:02,5.97,denied-by-policy,"Error from server: error when creating  tests/r1-t3-unsigned-ghcr.yaml : admission webhook  ivpol.validate.kyverno.svc-fail-finegrained-r3c-split-sbom  denied t"
STATE,22:52:10,0,webhook-present,d4m2f:1/1:Running ldjrr:1/1:Running 
rollout-restart-fixed-p2,22:52:06,7.00,denied-by-policy,"Error from server: error when creating  tests/r1-t3-unsigned-ghcr.yaml : admission webhook  ivpol.validate.kyverno.svc-fail-finegrained-r3c-split-sbom  denied t"
STATE,22:52:13,0,webhook-present,d4m2f:1/1:Running ldjrr:1/1:Running 
rollout-restart-fixed-p1,22:52:08,6.68,denied-by-policy,"Error from server: error when creating  tests/r1-t3-unsigned-ghcr.yaml : admission webhook  ivpol.validate.kyverno.svc-fail-finegrained-r3c-split-sbom  denied t"
STATE,22:52:16,0,webhook-present,d4m2f:1/1:Running ldjrr:1/1:Running 
rollout-restart-fixed-p2,22:52:13,5.98,denied-by-policy,"Error from server: error when creating  tests/r1-t3-unsigned-ghcr.yaml : admission webhook  ivpol.validate.kyverno.svc-fail-finegrained-r3c-split-sbom  denied t"
STATE,22:52:19,0,webhook-present,d4m2f:1/1:Running ldjrr:1/1:Running 
rollout-restart-fixed-p1,22:52:15,6.76,denied-by-policy,"Error from server: error when creating  tests/r1-t3-unsigned-ghcr.yaml : admission webhook  ivpol.validate.kyverno.svc-fail-finegrained-r3c-split-vuln  denied t"
STATE,22:52:22,0,webhook-present,d4m2f:1/1:Running ldjrr:1/1:Running 
STATE,22:52:25,0,webhook-present,d4m2f:1/1:Running ldjrr:1/1:Running 
rollout-restart-fixed-p2,22:52:19,6.82,denied-by-policy,"Error from server: error when creating  tests/r1-t3-unsigned-ghcr.yaml : admission webhook  ivpol.validate.kyverno.svc-fail-finegrained-r3c-split-vuln  denied t"
STATE,22:52:27,0,webhook-present,d4m2f:1/1:Running ldjrr:1/1:Running 
rollout-restart-fixed-p1,22:52:22,7.17,denied-by-policy,"Error from server: error when creating  tests/r1-t3-unsigned-ghcr.yaml : admission webhook  ivpol.validate.kyverno.svc-fail-finegrained-r3c-split-sig  denied th"
STATE,22:52:30,0,webhook-present,d4m2f:1/1:Running ldjrr:1/1:Running 
rollout-restart-fixed-p2,22:52:26,5.53,denied-by-policy,"Error from server: error when creating  tests/r1-t3-unsigned-ghcr.yaml : admission webhook  ivpol.validate.kyverno.svc-fail-finegrained-r3c-split-sbom  denied t"
STATE,22:52:32,0,webhook-present,d4m2f:1/1:Running ldjrr:1/1:Running 
STATE,22:52:35,0,webhook-present,d4m2f:1/1:Running ldjrr:1/1:Running 
rollout-restart-fixed-p1,22:52:29,6.76,denied-by-policy,"Error from server: error when creating  tests/r1-t3-unsigned-ghcr.yaml : admission webhook  ivpol.validate.kyverno.svc-fail-finegrained-r3c-split-sig  denied th"
rollout-restart-fixed-p2,22:52:31,5.87,denied-by-policy,"Error from server: error when creating  tests/r1-t3-unsigned-ghcr.yaml : admission webhook  ivpol.validate.kyverno.svc-fail-finegrained-r3c-split-vuln  denied t"
STATE,22:52:38,0,webhook-present,d4m2f:1/1:Running ldjrr:1/1:Running 
STATE,22:52:40,0,webhook-present,d4m2f:1/1:Running ldjrr:1/1:Running 
rollout-restart-fixed-p1,22:52:36,8.23,denied-by-policy,"Error from server: error when creating  tests/r1-t3-unsigned-ghcr.yaml : admission webhook  ivpol.validate.kyverno.svc-fail-finegrained-r3c-split-sbom  denied t"
rollout-restart-fixed-p2,22:52:37,7.88,denied-by-policy,"Error from server: error when creating  tests/r1-t3-unsigned-ghcr.yaml : admission webhook  ivpol.validate.kyverno.svc-fail-finegrained-r3c-split-vuln  denied t"
EVENT,22:52:45,0,-,rollout-restart-fixed end
EVENT,22:53:12,0,-,delete-both-graceful start (probes running)
STATE,22:53:14,0,webhook-present,d4m2f:1/1:Running ldjrr:1/1:Running 
STATE,22:53:17,0,webhook-present,d4m2f:1/1:Running ldjrr:1/1:Running 
delete-both-graceful-p1,22:53:12,6.94,denied-by-policy,"Error from server: error when creating  tests/r1-t3-unsigned-ghcr.yaml : admission webhook  ivpol.validate.kyverno.svc-fail-finegrained-r3c-split-sig  denied th"
STATE,22:53:19,0,webhook-present,d4m2f:1/1:Running ldjrr:1/1:Running 
delete-both-graceful-p2,22:53:12,8.35,denied-by-policy,"Error from server: error when creating  tests/r1-t3-unsigned-ghcr.yaml : admission webhook  ivpol.validate.kyverno.svc-fail-finegrained-r3c-split-vuln  denied t"
STATE,22:53:22,0,webhook-present,d4m2f:1/1:Running ldjrr:1/1:Running 
STATE,22:53:25,0,webhook-present,d4m2f:1/1:Running ldjrr:1/1:Running 
EVENT,22:53:26,0,-,delete-both-graceful ACTION
EVENT,22:53:26,0,-,deleting BOTH pods at once
EVENT,22:53:27,0,-,delete-both-graceful action returned
delete-both-graceful-p1,22:53:19,8.16,denied-by-policy,"Error from server: error when creating  tests/r1-t3-unsigned-ghcr.yaml : admission webhook  ivpol.validate.kyverno.svc-fail-finegrained-r3c-split-sbom  denied t"
delete-both-graceful-p1,22:53:27,0.42,webhook-failure,"Error from server (InternalError): error when creating  tests/r1-t3-unsigned-ghcr.yaml : Internal error occurred: failed calling webhook  ivpol.mutate.kyverno.s"
delete-both-graceful-p1,22:53:28,2.09,webhook-failure,"Error from server (InternalError): error when creating  tests/r1-t3-unsigned-ghcr.yaml : Internal error occurred: failed calling webhook  ivpol.mutate.kyverno.s"
STATE,22:53:29,0,webhook-present,d4m2f:1/1:Terminating ldjrr:1/1:Terminating mxkb9:0/1:Pending swxm5:0/1:Pending 
delete-both-graceful-p2,22:53:21,10.07,denied-by-policy,"Error from server: error when creating  tests/r1-t3-unsigned-ghcr.yaml : admission webhook  ivpol.validate.kyverno.svc-fail-finegrained-r3c-split-sbom  denied t"
delete-both-graceful-p1,22:53:30,1.57,webhook-failure,"Error from server (InternalError): error when creating  tests/r1-t3-unsigned-ghcr.yaml : Internal error occurred: failed calling webhook  ivpol.mutate.kyverno.s"
delete-both-graceful-p2,22:53:31,1.48,webhook-failure,"Error from server (InternalError): error when creating  tests/r1-t3-unsigned-ghcr.yaml : Internal error occurred: failed calling webhook  ivpol.mutate.kyverno.s"
delete-both-graceful-p2,22:53:32,0.72,webhook-failure,"Error from server (InternalError): error when creating  tests/r1-t3-unsigned-ghcr.yaml : Internal error occurred: failed calling webhook  ivpol.mutate.kyverno.s"
STATE,22:53:33,0,webhook-present,d4m2f:1/1:Terminating ldjrr:0/1:Completed mxkb9:0/1:Init:0/1 swxm5:0/1:Init:0/1 
delete-both-graceful-p2,22:53:33,0.90,webhook-failure,"Error from server (InternalError): error when creating  tests/r1-t3-unsigned-ghcr.yaml : Internal error occurred: failed calling webhook  ivpol.mutate.kyverno.s"
STATE,22:53:36,0,webhook-present,mxkb9:0/1:Init:0/1 swxm5:0/1:Init:0/1 
STATE,22:53:39,0,webhook-present,mxkb9:0/1:Init:0/1 swxm5:0/1:Init:0/1 
STATE,22:53:41,0,webhook-present,mxkb9:0/1:Init:0/1 swxm5:0/1:Init:0/1 
STATE,22:53:44,0,webhook-present,mxkb9:0/1:Init:0/1 swxm5:0/1:Init:0/1 
STATE,22:53:46,0,webhook-present,mxkb9:0/1:Init:0/1 swxm5:0/1:Init:0/1 
STATE,22:53:49,0,webhook-present,mxkb9:0/1:Init:0/1 swxm5:0/1:Init:0/1 
STATE,22:53:52,0,webhook-present,mxkb9:0/1:Init:0/1 swxm5:0/1:Init:0/1 
STATE,22:53:55,0,webhook-present,mxkb9:0/1:Init:0/1 swxm5:0/1:Running 
STATE,22:53:57,0,webhook-present,mxkb9:0/1:Init:0/1 swxm5:0/1:Running 
STATE,22:54:00,0,webhook-present,mxkb9:0/1:Init:0/1 swxm5:0/1:Running 
STATE,22:54:02,0,webhook-present,mxkb9:0/1:Init:0/1 swxm5:0/1:Running 
delete-both-graceful-p1,22:53:32,31.35,webhook-failure,"Error from server (InternalError): error when creating  tests/r1-t3-unsigned-ghcr.yaml : Internal error occurred: failed calling webhook  ivpol.mutate.kyverno.s"
delete-both-graceful-p1,22:54:03,0.30,webhook-failure,"Error from server (InternalError): error when creating  tests/r1-t3-unsigned-ghcr.yaml : Internal error occurred: failed calling webhook  ivpol.mutate.kyverno.s"
delete-both-graceful-p1,22:54:03,0.31,webhook-failure,"Error from server (InternalError): error when creating  tests/r1-t3-unsigned-ghcr.yaml : Internal error occurred: failed calling webhook  ivpol.mutate.kyverno.s"
delete-both-graceful-p1,22:54:04,0.30,webhook-failure,"Error from server (InternalError): error when creating  tests/r1-t3-unsigned-ghcr.yaml : Internal error occurred: failed calling webhook  ivpol.mutate.kyverno.s"
delete-both-graceful-p1,22:54:04,0.32,webhook-failure,"Error from server (InternalError): error when creating  tests/r1-t3-unsigned-ghcr.yaml : Internal error occurred: failed calling webhook  ivpol.mutate.kyverno.s"
delete-both-graceful-p2,22:53:34,30.64,webhook-failure,"Error from server (InternalError): error when creating  tests/r1-t3-unsigned-ghcr.yaml : Internal error occurred: failed calling webhook  ivpol.mutate.kyverno.s"
delete-both-graceful-p1,22:54:04,0.46,webhook-failure,"Error from server (InternalError): error when creating  tests/r1-t3-unsigned-ghcr.yaml : Internal error occurred: failed calling webhook  ivpol.mutate.kyverno.s"
STATE,22:54:05,0,webhook-present,mxkb9:0/1:Init:0/1 swxm5:0/1:Running 
delete-both-graceful-p2,22:54:05,0.50,webhook-failure,"Error from server (InternalError): error when creating  tests/r1-t3-unsigned-ghcr.yaml : Internal error occurred: failed calling webhook  ivpol.mutate.kyverno.s"
delete-both-graceful-p1,22:54:05,0.47,webhook-failure,"Error from server (InternalError): error when creating  tests/r1-t3-unsigned-ghcr.yaml : Internal error occurred: failed calling webhook  ivpol.mutate.kyverno.s"
delete-both-graceful-p2,22:54:05,0.38,webhook-failure,"Error from server (InternalError): error when creating  tests/r1-t3-unsigned-ghcr.yaml : Internal error occurred: failed calling webhook  ivpol.mutate.kyverno.s"
delete-both-graceful-p1,22:54:05,0.38,webhook-failure,"Error from server (InternalError): error when creating  tests/r1-t3-unsigned-ghcr.yaml : Internal error occurred: failed calling webhook  ivpol.mutate.kyverno.s"
delete-both-graceful-p2,22:54:06,0.38,webhook-failure,"Error from server (InternalError): error when creating  tests/r1-t3-unsigned-ghcr.yaml : Internal error occurred: failed calling webhook  ivpol.mutate.kyverno.s"
delete-both-graceful-p1,22:54:06,0.36,webhook-failure,"Error from server (InternalError): error when creating  tests/r1-t3-unsigned-ghcr.yaml : Internal error occurred: failed calling webhook  ivpol.mutate.kyverno.s"
delete-both-graceful-p2,22:54:06,0.37,webhook-failure,"Error from server (InternalError): error when creating  tests/r1-t3-unsigned-ghcr.yaml : Internal error occurred: failed calling webhook  ivpol.mutate.kyverno.s"
delete-both-graceful-p1,22:54:06,0.40,webhook-failure,"Error from server (InternalError): error when creating  tests/r1-t3-unsigned-ghcr.yaml : Internal error occurred: failed calling webhook  ivpol.mutate.kyverno.s"
delete-both-graceful-p2,22:54:06,0.42,webhook-failure,"Error from server (InternalError): error when creating  tests/r1-t3-unsigned-ghcr.yaml : Internal error occurred: failed calling webhook  ivpol.mutate.kyverno.s"
delete-both-graceful-p1,22:54:07,0.39,webhook-failure,"Error from server (InternalError): error when creating  tests/r1-t3-unsigned-ghcr.yaml : Internal error occurred: failed calling webhook  ivpol.mutate.kyverno.s"
delete-both-graceful-p2,22:54:07,0.40,webhook-failure,"Error from server (InternalError): error when creating  tests/r1-t3-unsigned-ghcr.yaml : Internal error occurred: failed calling webhook  ivpol.mutate.kyverno.s"
delete-both-graceful-p1,22:54:07,0.47,webhook-failure,"Error from server (InternalError): error when creating  tests/r1-t3-unsigned-ghcr.yaml : Internal error occurred: failed calling webhook  ivpol.mutate.kyverno.s"
delete-both-graceful-p2,22:54:07,0.48,webhook-failure,"Error from server (InternalError): error when creating  tests/r1-t3-unsigned-ghcr.yaml : Internal error occurred: failed calling webhook  ivpol.mutate.kyverno.s"
STATE,22:54:08,0,webhook-present,mxkb9:0/1:Init:0/1 swxm5:0/1:Running 
delete-both-graceful-p1,22:54:08,0.54,webhook-failure,"Error from server (InternalError): error when creating  tests/r1-t3-unsigned-ghcr.yaml : Internal error occurred: failed calling webhook  ivpol.mutate.kyverno.s"
delete-both-graceful-p2,22:54:08,0.42,webhook-failure,"Error from server (InternalError): error when creating  tests/r1-t3-unsigned-ghcr.yaml : Internal error occurred: failed calling webhook  ivpol.mutate.kyverno.s"
STATE,22:54:10,0,webhook-present,mxkb9:0/1:PodInitializing swxm5:1/1:Running 
STATE,22:54:13,0,webhook-present,mxkb9:0/1:Running swxm5:1/1:Running 
STATE,22:54:16,0,webhook-present,mxkb9:0/1:Running swxm5:1/1:Running 
STATE,22:54:18,0,webhook-present,mxkb9:1/1:Running swxm5:1/1:Running 
delete-both-graceful-p1,22:54:08,11.06,denied-by-policy,"Error from server: error when creating  tests/r1-t3-unsigned-ghcr.yaml : admission webhook  ivpol.validate.kyverno.svc-fail-finegrained-r3c-split-vuln  denied t"
delete-both-graceful-p2,22:54:08,12.11,denied-by-policy,"Error from server: error when creating  tests/r1-t3-unsigned-ghcr.yaml : admission webhook  ivpol.validate.kyverno.svc-fail-finegrained-r3c-split-vuln  denied t"
STATE,22:54:21,0,webhook-present,mxkb9:1/1:Running swxm5:1/1:Running 
STATE,22:54:24,0,webhook-present,mxkb9:1/1:Running swxm5:1/1:Running 
delete-both-graceful-p1,22:54:19,6.23,denied-by-policy,"Error from server: error when creating  tests/r1-t3-unsigned-ghcr.yaml : admission webhook  ivpol.validate.kyverno.svc-fail-finegrained-r3c-split-sig  denied th"
STATE,22:54:26,0,webhook-present,mxkb9:1/1:Running swxm5:1/1:Running 
delete-both-graceful-p2,22:54:21,8.19,denied-by-policy,"Error from server: error when creating  tests/r1-t3-unsigned-ghcr.yaml : admission webhook  ivpol.validate.kyverno.svc-fail-finegrained-r3c-split-vuln  denied t"
STATE,22:54:29,0,webhook-present,mxkb9:1/1:Running swxm5:1/1:Running 
STATE,22:54:31,0,webhook-present,mxkb9:1/1:Running swxm5:1/1:Running 
delete-both-graceful-p1,22:54:26,6.76,denied-by-policy,"Error from server: error when creating  tests/r1-t3-unsigned-ghcr.yaml : admission webhook  ivpol.validate.kyverno.svc-fail-finegrained-r3c-split-sig  denied th"
STATE,22:54:34,0,webhook-present,mxkb9:1/1:Running swxm5:1/1:Running 
delete-both-graceful-p2,22:54:29,6.65,denied-by-policy,"Error from server: error when creating  tests/r1-t3-unsigned-ghcr.yaml : admission webhook  ivpol.validate.kyverno.svc-fail-finegrained-r3c-split-sbom  denied t"
STATE,22:54:36,0,webhook-present,mxkb9:1/1:Running swxm5:1/1:Running 
delete-both-graceful-p1,22:54:32,5.97,denied-by-policy,"Error from server: error when creating  tests/r1-t3-unsigned-ghcr.yaml : admission webhook  ivpol.validate.kyverno.svc-fail-finegrained-r3c-split-sbom  denied t"
STATE,22:54:39,0,webhook-present,mxkb9:1/1:Running swxm5:1/1:Running 
delete-both-graceful-p2,22:54:35,6.00,denied-by-policy,"Error from server: error when creating  tests/r1-t3-unsigned-ghcr.yaml : admission webhook  ivpol.validate.kyverno.svc-fail-finegrained-r3c-split-sbom  denied t"
STATE,22:54:42,0,webhook-present,mxkb9:1/1:Running swxm5:1/1:Running 
STATE,22:54:44,0,webhook-present,mxkb9:1/1:Running swxm5:1/1:Running 
delete-both-graceful-p1,22:54:38,6.00,denied-by-policy,"Error from server: error when creating  tests/r1-t3-unsigned-ghcr.yaml : admission webhook  ivpol.validate.kyverno.svc-fail-finegrained-r3c-split-sbom  denied t"
STATE,22:54:47,0,webhook-present,mxkb9:1/1:Running swxm5:1/1:Running 
delete-both-graceful-p2,22:54:41,5.90,denied-by-policy,"Error from server: error when creating  tests/r1-t3-unsigned-ghcr.yaml : admission webhook  ivpol.validate.kyverno.svc-fail-finegrained-r3c-split-vuln  denied t"
STATE,22:54:49,0,webhook-present,mxkb9:1/1:Running swxm5:1/1:Running 
delete-both-graceful-p1,22:54:44,6.05,denied-by-policy,"Error from server: error when creating  tests/r1-t3-unsigned-ghcr.yaml : admission webhook  ivpol.validate.kyverno.svc-fail-finegrained-r3c-split-sig  denied th"
STATE,22:54:52,0,webhook-present,mxkb9:1/1:Running swxm5:1/1:Running 
delete-both-graceful-p2,22:54:47,6.18,denied-by-policy,"Error from server: error when creating  tests/r1-t3-unsigned-ghcr.yaml : admission webhook  ivpol.validate.kyverno.svc-fail-finegrained-r3c-split-vuln  denied t"
STATE,22:54:54,0,webhook-present,mxkb9:1/1:Running swxm5:1/1:Running 
delete-both-graceful-p1,22:54:50,6.35,denied-by-policy,"Error from server: error when creating  tests/r1-t3-unsigned-ghcr.yaml : admission webhook  ivpol.validate.kyverno.svc-fail-finegrained-r3c-split-sbom  denied t"
STATE,22:54:57,0,webhook-present,mxkb9:1/1:Running swxm5:1/1:Running 
STATE,22:54:59,0,webhook-present,mxkb9:1/1:Running swxm5:1/1:Running 
delete-both-graceful-p2,22:54:54,6.21,denied-by-policy,"Error from server: error when creating  tests/r1-t3-unsigned-ghcr.yaml : admission webhook  ivpol.validate.kyverno.svc-fail-finegrained-r3c-split-sig  denied th"
STATE,22:55:02,0,webhook-present,mxkb9:1/1:Running swxm5:1/1:Running 
delete-both-graceful-p1,22:54:57,6.21,denied-by-policy,"Error from server: error when creating  tests/r1-t3-unsigned-ghcr.yaml : admission webhook  ivpol.validate.kyverno.svc-fail-finegrained-r3c-split-sig  denied th"
STATE,22:55:04,0,webhook-present,mxkb9:1/1:Running swxm5:1/1:Running 
delete-both-graceful-p2,22:55:00,6.22,denied-by-policy,"Error from server: error when creating  tests/r1-t3-unsigned-ghcr.yaml : admission webhook  ivpol.validate.kyverno.svc-fail-finegrained-r3c-split-sbom  denied t"
STATE,22:55:07,0,webhook-present,mxkb9:1/1:Running swxm5:1/1:Running 
delete-both-graceful-p1,22:55:03,5.87,denied-by-policy,"Error from server: error when creating  tests/r1-t3-unsigned-ghcr.yaml : admission webhook  ivpol.validate.kyverno.svc-fail-finegrained-r3c-split-vuln  denied t"
STATE,22:55:10,0,webhook-present,mxkb9:1/1:Running swxm5:1/1:Running 
delete-both-graceful-p2,22:55:06,5.86,denied-by-policy,"Error from server: error when creating  tests/r1-t3-unsigned-ghcr.yaml : admission webhook  ivpol.validate.kyverno.svc-fail-finegrained-r3c-split-sig  denied th"
delete-both-graceful-p1,22:55:09,7.10,denied-by-policy,"Error from server: error when creating  tests/r1-t3-unsigned-ghcr.yaml : admission webhook  ivpol.validate.kyverno.svc-fail-finegrained-r3c-split-sig  denied th"
EVENT,22:55:16,0,-,delete-both-graceful end
EVENT,22:55:43,0,-,crash-both start (probes running)
STATE,22:55:45,0,webhook-present,mxkb9:1/1:Running swxm5:1/1:Running 
STATE,22:55:48,0,webhook-present,mxkb9:1/1:Running swxm5:1/1:Running 
STATE,22:55:51,0,webhook-present,mxkb9:1/1:Running swxm5:1/1:Running 
crash-both-p1,22:55:43,9.36,denied-by-policy,"Error from server: error when creating  tests/r1-t3-unsigned-ghcr.yaml : admission webhook  ivpol.validate.kyverno.svc-fail-finegrained-r3c-split-sbom  denied t"
STATE,22:55:53,0,webhook-present,mxkb9:1/1:Running swxm5:1/1:Running 
crash-both-p2,22:55:43,10.92,denied-by-policy,"Error from server: error when creating  tests/r1-t3-unsigned-ghcr.yaml : admission webhook  ivpol.validate.kyverno.svc-fail-finegrained-r3c-split-vuln  denied t"
STATE,22:55:56,0,webhook-present,mxkb9:1/1:Running swxm5:1/1:Running 
EVENT,22:55:57,0,-,crash-both ACTION
EVENT,22:55:57,0,-,killing BOTH containers (no graceful stop)
crash-both-p1,22:55:52,5.61,denied-by-policy,"Error from server: error when creating  tests/r1-t3-unsigned-ghcr.yaml : admission webhook  ivpol.validate.kyverno.svc-fail-finegrained-r3c-split-vuln  denied t"
crash-both-p2,22:55:54,4.05,webhook-failure,"Error from server (InternalError): error when creating  tests/r1-t3-unsigned-ghcr.yaml : Internal error occurred: failed calling webhook  ivpol.validate.kyverno"
crash-both-p1,22:55:58,1.33,webhook-failure,"Error from server (InternalError): error when creating  tests/r1-t3-unsigned-ghcr.yaml : Internal error occurred: failed calling webhook  ivpol.mutate.kyverno.s"
crash-both-p2,22:55:58,1.32,webhook-failure,"Error from server (InternalError): error when creating  tests/r1-t3-unsigned-ghcr.yaml : Internal error occurred: failed calling webhook  ivpol.mutate.kyverno.s"
STATE,22:55:59,0,webhook-present,mxkb9:1/1:Running swxm5:1/1:Running 
crash-both-p2,22:55:59,0.53,webhook-failure,"Error from server (InternalError): error when creating  tests/r1-t3-unsigned-ghcr.yaml : Internal error occurred: failed calling webhook  ivpol.mutate.kyverno.s"
crash-both-p1,22:55:59,0.53,webhook-failure,"Error from server (InternalError): error when creating  tests/r1-t3-unsigned-ghcr.yaml : Internal error occurred: failed calling webhook  ivpol.mutate.kyverno.s"
crash-both-p2,22:56:00,0.79,webhook-failure,"Error from server (InternalError): error when creating  tests/r1-t3-unsigned-ghcr.yaml : Internal error occurred: failed calling webhook  ivpol.mutate.kyverno.s"
crash-both-p1,22:56:00,0.79,webhook-failure,"Error from server (InternalError): error when creating  tests/r1-t3-unsigned-ghcr.yaml : Internal error occurred: failed calling webhook  ivpol.mutate.kyverno.s"
crash-both-p2,22:56:01,0.83,webhook-failure,"Error from server (InternalError): error when creating  tests/r1-t3-unsigned-ghcr.yaml : Internal error occurred: failed calling webhook  ivpol.mutate.kyverno.s"
crash-both-p1,22:56:01,0.83,webhook-failure,"Error from server (InternalError): error when creating  tests/r1-t3-unsigned-ghcr.yaml : Internal error occurred: failed calling webhook  ivpol.mutate.kyverno.s"
crash-both-p1,22:56:02,0.49,webhook-failure,"Error from server (InternalError): error when creating  tests/r1-t3-unsigned-ghcr.yaml : Internal error occurred: failed calling webhook  ivpol.mutate.kyverno.s"
crash-both-p2,22:56:02,0.54,webhook-failure,"Error from server (InternalError): error when creating  tests/r1-t3-unsigned-ghcr.yaml : Internal error occurred: failed calling webhook  ivpol.mutate.kyverno.s"
STATE,22:56:03,0,webhook-present,mxkb9:0/1:Error swxm5:0/1:Error 
crash-both-p1,22:56:02,0.66,webhook-failure,"Error from server (InternalError): error when creating  tests/r1-t3-unsigned-ghcr.yaml : Internal error occurred: failed calling webhook  ivpol.mutate.kyverno.s"
crash-both-p2,22:56:02,0.68,webhook-failure,"Error from server (InternalError): error when creating  tests/r1-t3-unsigned-ghcr.yaml : Internal error occurred: failed calling webhook  ivpol.mutate.kyverno.s"
crash-both-p1,22:56:03,0.51,webhook-failure,"Error from server (InternalError): error when creating  tests/r1-t3-unsigned-ghcr.yaml : Internal error occurred: failed calling webhook  ivpol.mutate.kyverno.s"
crash-both-p2,22:56:03,0.50,webhook-failure,"Error from server (InternalError): error when creating  tests/r1-t3-unsigned-ghcr.yaml : Internal error occurred: failed calling webhook  ivpol.mutate.kyverno.s"
crash-both-p1,22:56:04,0.59,webhook-failure,"Error from server (InternalError): error when creating  tests/r1-t3-unsigned-ghcr.yaml : Internal error occurred: failed calling webhook  ivpol.mutate.kyverno.s"
crash-both-p2,22:56:04,0.54,webhook-failure,"Error from server (InternalError): error when creating  tests/r1-t3-unsigned-ghcr.yaml : Internal error occurred: failed calling webhook  ivpol.mutate.kyverno.s"
crash-both-p1,22:56:04,0.47,webhook-failure,"Error from server (InternalError): error when creating  tests/r1-t3-unsigned-ghcr.yaml : Internal error occurred: failed calling webhook  ivpol.mutate.kyverno.s"
crash-both-p2,22:56:04,0.70,webhook-failure,"Error from server (InternalError): error when creating  tests/r1-t3-unsigned-ghcr.yaml : Internal error occurred: failed calling webhook  ivpol.mutate.kyverno.s"
crash-both-p1,22:56:05,0.47,webhook-failure,"Error from server (InternalError): error when creating  tests/r1-t3-unsigned-ghcr.yaml : Internal error occurred: failed calling webhook  ivpol.mutate.kyverno.s"
crash-both-p2,22:56:05,0.45,webhook-failure,"Error from server (InternalError): error when creating  tests/r1-t3-unsigned-ghcr.yaml : Internal error occurred: failed calling webhook  ivpol.mutate.kyverno.s"
crash-both-p1,22:56:05,0.50,webhook-failure,"Error from server (InternalError): error when creating  tests/r1-t3-unsigned-ghcr.yaml : Internal error occurred: failed calling webhook  ivpol.mutate.kyverno.s"
STATE,22:56:06,0,webhook-present,mxkb9:0/1:Running swxm5:0/1:Running 
crash-both-p1,22:56:06,0.45,webhook-failure,"Error from server (InternalError): error when creating  tests/r1-t3-unsigned-ghcr.yaml : Internal error occurred: failed calling webhook  ivpol.mutate.kyverno.s"
crash-both-p2,22:56:06,0.72,webhook-failure,"Error from server (InternalError): error when creating  tests/r1-t3-unsigned-ghcr.yaml : Internal error occurred: failed calling webhook  ivpol.mutate.kyverno.s"
crash-both-p1,22:56:06,0.51,webhook-failure,"Error from server (InternalError): error when creating  tests/r1-t3-unsigned-ghcr.yaml : Internal error occurred: failed calling webhook  ivpol.mutate.kyverno.s"
crash-both-p2,22:56:06,0.52,webhook-failure,"Error from server (InternalError): error when creating  tests/r1-t3-unsigned-ghcr.yaml : Internal error occurred: failed calling webhook  ivpol.mutate.kyverno.s"
crash-both-p1,22:56:07,0.66,webhook-failure,"Error from server (InternalError): error when creating  tests/r1-t3-unsigned-ghcr.yaml : Internal error occurred: failed calling webhook  ivpol.mutate.kyverno.s"
crash-both-p2,22:56:07,0.75,webhook-failure,"Error from server (InternalError): error when creating  tests/r1-t3-unsigned-ghcr.yaml : Internal error occurred: failed calling webhook  ivpol.mutate.kyverno.s"
STATE,22:56:09,0,webhook-present,mxkb9:1/1:Running swxm5:1/1:Running 
STATE,22:56:11,0,webhook-present,mxkb9:1/1:Running swxm5:1/1:Running 
STATE,22:56:14,0,webhook-present,mxkb9:1/1:Running swxm5:1/1:Running 
crash-both-p2,22:56:08,9.04,denied-by-policy,"Error from server: error when creating  tests/r1-t3-unsigned-ghcr.yaml : admission webhook  ivpol.validate.kyverno.svc-fail-finegrained-r3c-split-sbom  denied t"
STATE,22:56:17,0,webhook-present,mxkb9:1/1:Running swxm5:1/1:Running 
STATE,22:56:20,0,webhook-present,mxkb9:1/1:Running swxm5:1/1:Running 
crash-both-p1,22:56:08,12.61,denied-by-policy,"Error from server: error when creating  tests/r1-t3-unsigned-ghcr.yaml : admission webhook  ivpol.validate.kyverno.svc-fail-finegrained-r3c-split-sig  denied th"
STATE,22:56:23,0,webhook-present,mxkb9:1/1:Running swxm5:1/1:Running 
crash-both-p2,22:56:17,7.77,denied-by-policy,"Error from server: error when creating  tests/r1-t3-unsigned-ghcr.yaml : admission webhook  ivpol.validate.kyverno.svc-fail-finegrained-r3c-split-sig  denied th"
STATE,22:56:25,0,webhook-present,mxkb9:1/1:Running swxm5:1/1:Running 
STATE,22:56:28,0,webhook-present,mxkb9:1/1:Running swxm5:1/1:Running 
crash-both-p1,22:56:20,10.34,denied-by-policy,"Error from server: error when creating  tests/r1-t3-unsigned-ghcr.yaml : admission webhook  ivpol.validate.kyverno.svc-fail-finegrained-r3c-split-vuln  denied t"
STATE,22:56:31,0,webhook-present,mxkb9:1/1:Running swxm5:1/1:Running 
STATE,22:56:34,0,webhook-present,mxkb9:1/1:Running swxm5:1/1:Running 
crash-both-p2,22:56:25,10.70,denied-by-policy,"Error from server: error when creating  tests/r1-t3-unsigned-ghcr.yaml : admission webhook  ivpol.validate.kyverno.svc-fail-finegrained-r3c-split-vuln  denied t"
STATE,22:56:36,0,webhook-present,mxkb9:1/1:Running swxm5:1/1:Running 
crash-both-p1,22:56:31,8.10,denied-by-policy,"Error from server: error when creating  tests/r1-t3-unsigned-ghcr.yaml : admission webhook  ivpol.validate.kyverno.svc-fail-finegrained-r3c-split-sbom  denied t"
STATE,22:56:39,0,webhook-present,mxkb9:1/1:Running swxm5:1/1:Running 
STATE,22:56:41,0,webhook-present,mxkb9:1/1:Running swxm5:1/1:Running 
crash-both-p2,22:56:35,6.93,denied-by-policy,"Error from server: error when creating  tests/r1-t3-unsigned-ghcr.yaml : admission webhook  ivpol.validate.kyverno.svc-fail-finegrained-r3c-split-sbom  denied t"
STATE,22:56:44,0,webhook-present,mxkb9:1/1:Running swxm5:1/1:Running 
crash-both-p1,22:56:39,6.84,denied-by-policy,"Error from server: error when creating  tests/r1-t3-unsigned-ghcr.yaml : admission webhook  ivpol.validate.kyverno.svc-fail-finegrained-r3c-split-sbom  denied t"
STATE,22:56:46,0,webhook-present,mxkb9:1/1:Running swxm5:1/1:Running 
STATE,22:56:49,0,webhook-present,mxkb9:1/1:Running swxm5:1/1:Running 
crash-both-p2,22:56:42,7.20,denied-by-policy,"Error from server: error when creating  tests/r1-t3-unsigned-ghcr.yaml : admission webhook  ivpol.validate.kyverno.svc-fail-finegrained-r3c-split-vuln  denied t"
STATE,22:56:51,0,webhook-present,mxkb9:1/1:Running swxm5:1/1:Running 
crash-both-p1,22:56:46,7.35,denied-by-policy,"Error from server: error when creating  tests/r1-t3-unsigned-ghcr.yaml : admission webhook  ivpol.validate.kyverno.svc-fail-finegrained-r3c-split-sbom  denied t"
STATE,22:56:55,0,webhook-present,mxkb9:1/1:Running swxm5:1/1:Running 
crash-both-p2,22:56:50,7.19,denied-by-policy,"Error from server: error when creating  tests/r1-t3-unsigned-ghcr.yaml : admission webhook  ivpol.validate.kyverno.svc-fail-finegrained-r3c-split-vuln  denied t"
STATE,22:56:57,0,webhook-present,mxkb9:1/1:Running swxm5:1/1:Running 
STATE,22:57:00,0,webhook-present,mxkb9:1/1:Running swxm5:1/1:Running 
crash-both-p1,22:56:53,6.97,denied-by-policy,"Error from server: error when creating  tests/r1-t3-unsigned-ghcr.yaml : admission webhook  ivpol.validate.kyverno.svc-fail-finegrained-r3c-split-sbom  denied t"
STATE,22:57:02,0,webhook-present,mxkb9:1/1:Running swxm5:1/1:Running 
crash-both-p2,22:56:57,7.21,denied-by-policy,"Error from server: error when creating  tests/r1-t3-unsigned-ghcr.yaml : admission webhook  ivpol.validate.kyverno.svc-fail-finegrained-r3c-split-sig  denied th"
STATE,22:57:05,0,webhook-present,mxkb9:1/1:Running swxm5:1/1:Running 
crash-both-p1,22:57:00,8.20,denied-by-policy,"Error from server: error when creating  tests/r1-t3-unsigned-ghcr.yaml : admission webhook  ivpol.validate.kyverno.svc-fail-finegrained-r3c-split-sig  denied th"
STATE,22:57:08,0,webhook-present,mxkb9:1/1:Running swxm5:1/1:Running 
STATE,22:57:11,0,webhook-present,mxkb9:1/1:Running swxm5:1/1:Running 
crash-both-p2,22:57:04,9.39,denied-by-policy,"Error from server: error when creating  tests/r1-t3-unsigned-ghcr.yaml : admission webhook  ivpol.validate.kyverno.svc-fail-finegrained-r3c-split-vuln  denied t"
STATE,22:57:13,0,webhook-present,mxkb9:1/1:Running swxm5:1/1:Running 
STATE,22:57:16,0,webhook-present,mxkb9:1/1:Running swxm5:1/1:Running 
crash-both-p1,22:57:08,8.32,denied-by-policy,"Error from server: error when creating  tests/r1-t3-unsigned-ghcr.yaml : admission webhook  ivpol.validate.kyverno.svc-fail-finegrained-r3c-split-vuln  denied t"
STATE,22:57:18,0,webhook-present,mxkb9:1/1:Running swxm5:1/1:Running 
crash-both-p2,22:57:14,6.33,denied-by-policy,"Error from server: error when creating  tests/r1-t3-unsigned-ghcr.yaml : admission webhook  ivpol.validate.kyverno.svc-fail-finegrained-r3c-split-sig  denied th"
STATE,22:57:21,0,webhook-present,mxkb9:1/1:Running swxm5:1/1:Running 
STATE,22:57:23,0,webhook-present,mxkb9:1/1:Running swxm5:1/1:Running 
crash-both-p1,22:57:17,7.62,denied-by-policy,"Error from server: error when creating  tests/r1-t3-unsigned-ghcr.yaml : admission webhook  ivpol.validate.kyverno.svc-fail-finegrained-r3c-split-vuln  denied t"
STATE,22:57:26,0,webhook-present,mxkb9:1/1:Running swxm5:1/1:Running 
crash-both-p2,22:57:20,9.13,denied-by-policy,"Error from server: error when creating  tests/r1-t3-unsigned-ghcr.yaml : admission webhook  ivpol.validate.kyverno.svc-fail-finegrained-r3c-split-vuln  denied t"
STATE,22:57:29,0,webhook-present,mxkb9:1/1:Running swxm5:1/1:Running 
STATE,22:57:32,0,webhook-present,mxkb9:1/1:Running swxm5:1/1:Running 
crash-both-p1,22:57:24,8.76,denied-by-policy,"Error from server: error when creating  tests/r1-t3-unsigned-ghcr.yaml : admission webhook  ivpol.validate.kyverno.svc-fail-finegrained-r3c-split-vuln  denied t"
STATE,22:57:34,0,webhook-present,mxkb9:1/1:Running swxm5:1/1:Running 
crash-both-p2,22:57:29,8.00,denied-by-policy,"Error from server: error when creating  tests/r1-t3-unsigned-ghcr.yaml : admission webhook  ivpol.validate.kyverno.svc-fail-finegrained-r3c-split-sig  denied th"
STATE,22:57:37,0,webhook-present,mxkb9:1/1:Running swxm5:1/1:Running 
STATE,22:57:40,0,webhook-present,mxkb9:1/1:Running swxm5:1/1:Running 
crash-both-p1,22:57:33,8.74,denied-by-policy,"Error from server: error when creating  tests/r1-t3-unsigned-ghcr.yaml : admission webhook  ivpol.validate.kyverno.svc-fail-finegrained-r3c-split-sbom  denied t"
STATE,22:57:43,0,webhook-present,mxkb9:1/1:Running swxm5:1/1:Running 
crash-both-p2,22:57:37,9.18,denied-by-policy,"Error from server: error when creating  tests/r1-t3-unsigned-ghcr.yaml : admission webhook  ivpol.validate.kyverno.svc-fail-finegrained-r3c-split-sig  denied th"
crash-both-p1,22:57:42,9.08,denied-by-policy,"Error from server: error when creating  tests/r1-t3-unsigned-ghcr.yaml : admission webhook  ivpol.validate.kyverno.svc-fail-finegrained-r3c-split-sbom  denied t"
EVENT,22:57:51,0,-,crash-both action returned
EVENT,22:57:51,0,-,crash-both end
EVENT,22:58:18,0,-,node-stop start (probes running)
STATE,22:58:20,0,webhook-present,mxkb9:1/1:Running swxm5:1/1:Running 
STATE,22:58:22,0,webhook-present,mxkb9:1/1:Running swxm5:1/1:Running 
node-stop-p2,22:58:18,6.48,denied-by-policy,"Error from server: error when creating  tests/r1-t3-unsigned-ghcr.yaml : admission webhook  ivpol.validate.kyverno.svc-fail-finegrained-r3c-split-sbom  denied t"
STATE,22:58:25,0,webhook-present,mxkb9:1/1:Running swxm5:1/1:Running 
node-stop-p1,22:58:18,9.58,denied-by-policy,"Error from server: error when creating  tests/r1-t3-unsigned-ghcr.yaml : admission webhook  ivpol.validate.kyverno.svc-fail-finegrained-r3c-split-sbom  denied t"
STATE,22:58:27,0,webhook-present,mxkb9:1/1:Running swxm5:1/1:Running 
STATE,22:58:30,0,webhook-present,mxkb9:1/1:Running swxm5:1/1:Running 
node-stop-p2,22:58:24,6.42,denied-by-policy,"Error from server: error when creating  tests/r1-t3-unsigned-ghcr.yaml : admission webhook  ivpol.validate.kyverno.svc-fail-finegrained-r3c-split-vuln  denied t"
EVENT,22:58:32,0,-,node-stop ACTION
EVENT,22:58:32,0,-,stopping node forge-r3e-worker (hosts the LEADER)
STATE,22:58:33,0,webhook-present,mxkb9:1/1:Running swxm5:1/1:Running 
node-stop-p1,22:58:27,7.25,denied-by-policy,"Error from server: error when creating  tests/r1-t3-unsigned-ghcr.yaml : admission webhook  ivpol.validate.kyverno.svc-fail-finegrained-r3c-split-vuln  denied t"
STATE,22:58:36,0,webhook-present,mxkb9:1/1:Running swxm5:1/1:Running 
EVENT,22:58:38,0,-,node-stop action returned
STATE,22:58:38,0,webhook-present,mxkb9:1/1:Running swxm5:1/1:Running 
node-stop-p2,22:58:31,9.73,denied-by-policy,"Error from server: error when creating  tests/r1-t3-unsigned-ghcr.yaml : admission webhook  ivpol.validate.kyverno.svc-fail-finegrained-r3c-split-sbom  denied t"
STATE,22:58:41,0,webhook-present,mxkb9:1/1:Running swxm5:1/1:Running 
node-stop-p1,22:58:35,8.99,denied-by-policy,"Error from server: error when creating  tests/r1-t3-unsigned-ghcr.yaml : admission webhook  ivpol.validate.kyverno.svc-fail-finegrained-r3c-split-vuln  denied t"
STATE,22:58:43,0,webhook-present,mxkb9:1/1:Running swxm5:1/1:Running 
STATE,22:58:46,0,webhook-present,mxkb9:1/1:Running swxm5:1/1:Running 
node-stop-p2,22:58:40,6.41,denied-by-policy,"Error from server: error when creating  tests/r1-t3-unsigned-ghcr.yaml : admission webhook  ivpol.validate.kyverno.svc-fail-finegrained-r3c-split-vuln  denied t"
STATE,22:58:48,0,webhook-present,mxkb9:1/1:Running swxm5:1/1:Running 
node-stop-p1,22:58:44,6.74,denied-by-policy,"Error from server: error when creating  tests/r1-t3-unsigned-ghcr.yaml : admission webhook  ivpol.validate.kyverno.svc-fail-finegrained-r3c-split-sbom  denied t"
STATE,22:58:51,0,webhook-present,mxkb9:1/1:Running swxm5:1/1:Running 
STATE,22:58:53,0,webhook-present,mxkb9:1/1:Running swxm5:1/1:Running 
node-stop-p2,22:58:47,6.90,denied-by-policy,"Error from server: error when creating  tests/r1-t3-unsigned-ghcr.yaml : admission webhook  ivpol.validate.kyverno.svc-fail-finegrained-r3c-split-sbom  denied t"
STATE,22:58:56,0,webhook-present,mxkb9:1/1:Running swxm5:1/1:Running 
node-stop-p1,22:58:50,6.52,denied-by-policy,"Error from server: error when creating  tests/r1-t3-unsigned-ghcr.yaml : admission webhook  ivpol.validate.kyverno.svc-fail-finegrained-r3c-split-sbom  denied t"
STATE,22:58:58,0,webhook-present,mxkb9:1/1:Running swxm5:1/1:Running 
node-stop-p2,22:58:54,6.18,denied-by-policy,"Error from server: error when creating  tests/r1-t3-unsigned-ghcr.yaml : admission webhook  ivpol.validate.kyverno.svc-fail-finegrained-r3c-split-sig  denied th"
STATE,22:59:01,0,webhook-present,mxkb9:1/1:Running swxm5:1/1:Running 
node-stop-p1,22:58:57,6.14,denied-by-policy,"Error from server: error when creating  tests/r1-t3-unsigned-ghcr.yaml : admission webhook  ivpol.validate.kyverno.svc-fail-finegrained-r3c-split-sbom  denied t"
STATE,22:59:03,0,webhook-present,mxkb9:1/1:Running swxm5:1/1:Running 
node-stop-p2,22:59:00,6.12,denied-by-policy,"Error from server: error when creating  tests/r1-t3-unsigned-ghcr.yaml : admission webhook  ivpol.validate.kyverno.svc-fail-finegrained-r3c-split-sbom  denied t"
STATE,22:59:06,0,webhook-present,mxkb9:1/1:Running swxm5:1/1:Running 
STATE,22:59:09,0,webhook-present,mxkb9:1/1:Running swxm5:1/1:Running 
node-stop-p1,22:59:03,6.08,denied-by-policy,"Error from server: error when creating  tests/r1-t3-unsigned-ghcr.yaml : admission webhook  ivpol.validate.kyverno.svc-fail-finegrained-r3c-split-vuln  denied t"
STATE,22:59:11,0,webhook-present,mxkb9:1/1:Running swxm5:1/1:Running 
node-stop-p2,22:59:06,6.28,denied-by-policy,"Error from server: error when creating  tests/r1-t3-unsigned-ghcr.yaml : admission webhook  ivpol.validate.kyverno.svc-fail-finegrained-r3c-split-sig  denied th"
STATE,22:59:14,0,webhook-present,mxkb9:1/1:Running swxm5:1/1:Running 
node-stop-p1,22:59:09,6.24,denied-by-policy,"Error from server: error when creating  tests/r1-t3-unsigned-ghcr.yaml : admission webhook  ivpol.validate.kyverno.svc-fail-finegrained-r3c-split-vuln  denied t"
STATE,22:59:16,0,webhook-present,mxkb9:1/1:Running swxm5:1/1:Running 
node-stop-p2,22:59:12,6.26,denied-by-policy,"Error from server: error when creating  tests/r1-t3-unsigned-ghcr.yaml : admission webhook  ivpol.validate.kyverno.svc-fail-finegrained-r3c-split-sbom  denied t"
STATE,22:59:19,0,webhook-present,mxkb9:1/1:Running swxm5:1/1:Running 
STATE,22:59:21,0,webhook-present,mxkb9:1/1:Running swxm5:1/1:Running 
node-stop-p1,22:59:15,6.41,denied-by-policy,"Error from server: error when creating  tests/r1-t3-unsigned-ghcr.yaml : admission webhook  ivpol.validate.kyverno.svc-fail-finegrained-r3c-split-sbom  denied t"
STATE,22:59:24,0,webhook-present,mxkb9:1/1:Running swxm5:1/1:Running 
node-stop-p2,22:59:19,6.46,denied-by-policy,"Error from server: error when creating  tests/r1-t3-unsigned-ghcr.yaml : admission webhook  ivpol.validate.kyverno.svc-fail-finegrained-r3c-split-vuln  denied t"
STATE,22:59:26,0,webhook-present,mxkb9:1/1:Running swxm5:1/1:Running 
STATE,22:59:29,0,webhook-present,mxkb9:1/1:Running swxm5:1/1:Running 
node-stop-p1,22:59:22,6.97,denied-by-policy,"Error from server: error when creating  tests/r1-t3-unsigned-ghcr.yaml : admission webhook  ivpol.validate.kyverno.svc-fail-finegrained-r3c-split-sig  denied th"
STATE,22:59:31,0,webhook-present,mxkb9:1/1:Running swxm5:1/1:Running 
node-stop-p2,22:59:25,6.74,denied-by-policy,"Error from server: error when creating  tests/r1-t3-unsigned-ghcr.yaml : admission webhook  ivpol.validate.kyverno.svc-fail-finegrained-r3c-split-vuln  denied t"
STATE,22:59:34,0,webhook-present,mxkb9:1/1:Running swxm5:1/1:Running 
node-stop-p1,22:59:29,7.80,denied-by-policy,"Error from server: error when creating  tests/r1-t3-unsigned-ghcr.yaml : admission webhook  ivpol.validate.kyverno.svc-fail-finegrained-r3c-split-vuln  denied t"
STATE,22:59:37,0,webhook-present,mxkb9:1/1:Running swxm5:1/1:Running 
STATE,22:59:40,0,webhook-present,mxkb9:1/1:Running swxm5:1/1:Running 
node-stop-p2,22:59:32,9.05,denied-by-policy,"Error from server: error when creating  tests/r1-t3-unsigned-ghcr.yaml : admission webhook  ivpol.validate.kyverno.svc-fail-finegrained-r3c-split-sbom  denied t"
STATE,22:59:42,0,webhook-present,mxkb9:1/1:Running swxm5:1/1:Running 
STATE,22:59:45,0,webhook-present,mxkb9:1/1:Running swxm5:1/1:Running 
node-stop-p1,22:59:37,9.00,denied-by-policy,"Error from server: error when creating  tests/r1-t3-unsigned-ghcr.yaml : admission webhook  ivpol.validate.kyverno.svc-fail-finegrained-r3c-split-sbom  denied t"
STATE,22:59:48,0,webhook-present,mxkb9:1/1:Running swxm5:1/1:Running 
node-stop-p2,22:59:41,8.31,denied-by-policy,"Error from server: error when creating  tests/r1-t3-unsigned-ghcr.yaml : admission webhook  ivpol.validate.kyverno.svc-fail-finegrained-r3c-split-vuln  denied t"
STATE,22:59:50,0,webhook-present,mxkb9:1/1:Running swxm5:1/1:Running 
STATE,22:59:53,0,webhook-present,mxkb9:1/1:Running swxm5:1/1:Running 
node-stop-p1,22:59:46,8.55,denied-by-policy,"Error from server: error when creating  tests/r1-t3-unsigned-ghcr.yaml : admission webhook  ivpol.validate.kyverno.svc-fail-finegrained-r3c-split-vuln  denied t"
STATE,22:59:56,0,webhook-present,mxkb9:1/1:Running swxm5:1/1:Running 
STATE,22:59:58,0,webhook-present,mxkb9:1/1:Running swxm5:1/1:Running 
node-stop-p2,22:59:49,9.76,denied-by-policy,"Error from server: error when creating  tests/r1-t3-unsigned-ghcr.yaml : admission webhook  ivpol.validate.kyverno.svc-fail-finegrained-r3c-split-sig  denied th"
STATE,23:00:01,0,webhook-present,mxkb9:1/1:Running swxm5:1/1:Running 
STATE,23:00:03,0,webhook-present,mxkb9:1/1:Running swxm5:1/1:Running 
STATE,23:00:06,0,webhook-present,mxkb9:1/1:Running swxm5:1/1:Running 
node-stop-p1,22:59:54,11.65,denied-by-policy,"Error from server: error when creating  tests/r1-t3-unsigned-ghcr.yaml : admission webhook  ivpol.validate.kyverno.svc-fail-finegrained-r3c-split-vuln  denied t"
STATE,23:00:09,0,webhook-present,mxkb9:1/1:Running swxm5:1/1:Running 
STATE,23:00:11,0,webhook-present,mxkb9:1/1:Running swxm5:1/1:Running 
node-stop-p2,22:59:59,12.96,denied-by-policy,"Error from server: error when creating  tests/r1-t3-unsigned-ghcr.yaml : admission webhook  ivpol.validate.kyverno.svc-fail-finegrained-r3c-split-vuln  denied t"
STATE,23:00:13,0,webhook-present,mxkb9:1/1:Running swxm5:1/1:Running 
STATE,23:00:16,0,webhook-present,mxkb9:1/1:Running swxm5:1/1:Running 
STATE,23:00:19,0,webhook-present,mxkb9:1/1:Running swxm5:1/1:Running 
node-stop-p2,23:00:12,8.62,denied-by-policy,"Error from server: error when creating  tests/r1-t3-unsigned-ghcr.yaml : admission webhook  ivpol.validate.kyverno.svc-fail-finegrained-r3c-split-sbom  denied t"
STATE,23:00:21,0,webhook-present,mxkb9:1/1:Running swxm5:1/1:Running 
node-stop-p1,23:00:06,16.15,denied-by-policy,"Error from server: error when creating  tests/r1-t3-unsigned-ghcr.yaml : admission webhook  ivpol.validate.kyverno.svc-fail-finegrained-r3c-split-sig  denied th"
STATE,23:00:24,0,webhook-present,mxkb9:1/1:Running swxm5:1/1:Running 
STATE,23:00:27,0,webhook-present,mxkb9:1/1:Running swxm5:1/1:Running 
node-stop-p2,23:00:21,6.47,denied-by-policy,"Error from server: error when creating  tests/r1-t3-unsigned-ghcr.yaml : admission webhook  ivpol.validate.kyverno.svc-fail-finegrained-r3c-split-vuln  denied t"
STATE,23:00:29,0,webhook-present,mxkb9:1/1:Running swxm5:1/1:Running 
node-stop-p1,23:00:22,8.21,denied-by-policy,"Error from server: error when creating  tests/r1-t3-unsigned-ghcr.yaml : admission webhook  ivpol.validate.kyverno.svc-fail-finegrained-r3c-split-sbom  denied t"
STATE,23:00:32,0,webhook-present,mxkb9:1/1:Running swxm5:1/1:Running 
node-stop-p2,23:00:27,6.36,denied-by-policy,"Error from server: error when creating  tests/r1-t3-unsigned-ghcr.yaml : admission webhook  ivpol.validate.kyverno.svc-fail-finegrained-r3c-split-vuln  denied t"
STATE,23:00:34,0,webhook-present,mxkb9:1/1:Running swxm5:1/1:Running 
node-stop-p1,23:00:30,6.50,denied-by-policy,"Error from server: error when creating  tests/r1-t3-unsigned-ghcr.yaml : admission webhook  ivpol.validate.kyverno.svc-fail-finegrained-r3c-split-sig  denied th"
STATE,23:00:37,0,webhook-present,mxkb9:1/1:Running swxm5:1/1:Running 
STATE,23:00:39,0,webhook-present,mxkb9:1/1:Running swxm5:1/1:Running 
node-stop-p2,23:00:34,6.54,denied-by-policy,"Error from server: error when creating  tests/r1-t3-unsigned-ghcr.yaml : admission webhook  ivpol.validate.kyverno.svc-fail-finegrained-r3c-split-sig  denied th"
STATE,23:00:42,0,webhook-present,mxkb9:1/1:Running swxm5:1/1:Running 
node-stop-p1,23:00:37,6.37,denied-by-policy,"Error from server: error when creating  tests/r1-t3-unsigned-ghcr.yaml : admission webhook  ivpol.validate.kyverno.svc-fail-finegrained-r3c-split-vuln  denied t"
STATE,23:00:44,0,webhook-present,mxkb9:1/1:Running swxm5:1/1:Running 
node-stop-p2,23:00:40,6.68,denied-by-policy,"Error from server: error when creating  tests/r1-t3-unsigned-ghcr.yaml : admission webhook  ivpol.validate.kyverno.svc-fail-finegrained-r3c-split-sbom  denied t"
STATE,23:00:47,0,webhook-present,mxkb9:1/1:Running swxm5:1/1:Running 
STATE,23:00:49,0,webhook-present,mxkb9:1/1:Running swxm5:1/1:Running 
node-stop-p1,23:00:43,6.91,denied-by-policy,"Error from server: error when creating  tests/r1-t3-unsigned-ghcr.yaml : admission webhook  ivpol.validate.kyverno.svc-fail-finegrained-r3c-split-sbom  denied t"
STATE,23:00:52,0,webhook-present,mxkb9:1/1:Running swxm5:1/1:Running 
node-stop-p2,23:00:47,6.46,denied-by-policy,"Error from server: error when creating  tests/r1-t3-unsigned-ghcr.yaml : admission webhook  ivpol.validate.kyverno.svc-fail-finegrained-r3c-split-sbom  denied t"
STATE,23:00:54,0,webhook-present,mxkb9:1/1:Running swxm5:1/1:Running 
STATE,23:00:57,0,webhook-present,mxkb9:1/1:Running swxm5:1/1:Running 
node-stop-p1,23:00:50,6.78,denied-by-policy,"Error from server: error when creating  tests/r1-t3-unsigned-ghcr.yaml : admission webhook  ivpol.validate.kyverno.svc-fail-finegrained-r3c-split-sbom  denied t"
STATE,23:00:59,0,webhook-present,mxkb9:1/1:Running swxm5:1/1:Running 
node-stop-p2,23:00:54,7.04,denied-by-policy,"Error from server: error when creating  tests/r1-t3-unsigned-ghcr.yaml : admission webhook  ivpol.validate.kyverno.svc-fail-finegrained-r3c-split-vuln  denied t"
STATE,23:01:02,0,webhook-present,mxkb9:1/1:Running swxm5:1/1:Running 
node-stop-p1,23:00:57,6.56,denied-by-policy,"Error from server: error when creating  tests/r1-t3-unsigned-ghcr.yaml : admission webhook  ivpol.validate.kyverno.svc-fail-finegrained-r3c-split-sbom  denied t"
STATE,23:01:04,0,webhook-present,mxkb9:1/1:Running swxm5:1/1:Running 
node-stop-p2,23:01:01,6.29,denied-by-policy,"Error from server: error when creating  tests/r1-t3-unsigned-ghcr.yaml : admission webhook  ivpol.validate.kyverno.svc-fail-finegrained-r3c-split-sig  denied th"
STATE,23:01:07,0,webhook-present,mxkb9:1/1:Running swxm5:1/1:Running 
STATE,23:01:10,0,webhook-present,mxkb9:1/1:Running swxm5:1/1:Running 
node-stop-p1,23:01:04,7.03,denied-by-policy,"Error from server: error when creating  tests/r1-t3-unsigned-ghcr.yaml : admission webhook  ivpol.validate.kyverno.svc-fail-finegrained-r3c-split-sbom  denied t"
STATE,23:01:12,0,webhook-present,mxkb9:1/1:Running swxm5:1/1:Running 
STATE,23:01:15,0,webhook-present,mxkb9:1/1:Running swxm5:1/1:Running 
node-stop-p2,23:01:07,8.64,denied-by-policy,"Error from server: error when creating  tests/r1-t3-unsigned-ghcr.yaml : admission webhook  ivpol.validate.kyverno.svc-fail-finegrained-r3c-split-vuln  denied t"
STATE,23:01:17,0,webhook-present,mxkb9:1/1:Running swxm5:1/1:Running 
STATE,23:01:20,0,webhook-present,mxkb9:1/1:Running swxm5:1/1:Running 
node-stop-p1,23:01:11,9.63,denied-by-policy,"Error from server: error when creating  tests/r1-t3-unsigned-ghcr.yaml : admission webhook  ivpol.validate.kyverno.svc-fail-finegrained-r3c-split-vuln  denied t"
STATE,23:01:22,0,webhook-present,mxkb9:1/1:Running swxm5:1/1:Running 
node-stop-p2,23:01:16,8.87,denied-by-policy,"Error from server: error when creating  tests/r1-t3-unsigned-ghcr.yaml : admission webhook  ivpol.validate.kyverno.svc-fail-finegrained-r3c-split-sbom  denied t"
STATE,23:01:25,0,webhook-present,mxkb9:1/1:Running swxm5:1/1:Running 
STATE,23:01:27,0,webhook-present,mxkb9:1/1:Running swxm5:1/1:Running 
node-stop-p1,23:01:21,8.13,denied-by-policy,"Error from server: error when creating  tests/r1-t3-unsigned-ghcr.yaml : admission webhook  ivpol.validate.kyverno.svc-fail-finegrained-r3c-split-sig  denied th"
STATE,23:01:30,0,webhook-present,mxkb9:1/1:Running swxm5:1/1:Running 
STATE,23:01:32,0,webhook-present,mxkb9:1/1:Running swxm5:1/1:Running 
node-stop-p2,23:01:25,9.10,denied-by-policy,"Error from server: error when creating  tests/r1-t3-unsigned-ghcr.yaml : admission webhook  ivpol.validate.kyverno.svc-fail-finegrained-r3c-split-sbom  denied t"
STATE,23:01:35,0,webhook-present,mxkb9:1/1:Running swxm5:1/1:Running 
STATE,23:01:38,0,webhook-present,mxkb9:1/1:Running swxm5:1/1:Running 
node-stop-p1,23:01:29,11.92,denied-by-policy,"Error from server: error when creating  tests/r1-t3-unsigned-ghcr.yaml : admission webhook  ivpol.validate.kyverno.svc-fail-finegrained-r3c-split-vuln  denied t"
node-stop-p2,23:01:34,11.94,denied-by-policy,"Error from server: error when creating  tests/r1-t3-unsigned-ghcr.yaml : admission webhook  ivpol.validate.kyverno.svc-fail-finegrained-r3c-split-sbom  denied t"
EVENT,23:01:46,0,-,node-stop end
EVENT,23:01:46,0,-,starting node forge-r3e-worker again
EVENT,23:03:01,0,-,oom-one start (probes running)
STATE,23:03:03,0,webhook-present,mxkb9:1/1:Running swxm5:1/1:Running 
STATE,23:03:06,0,webhook-present,mxkb9:1/1:Running swxm5:1/1:Running 
oom-one-p2,23:03:01,5.89,denied-by-policy,"Error from server: error when creating  tests/r1-t3-unsigned-ghcr.yaml : admission webhook  ivpol.validate.kyverno.svc-fail-finegrained-r3c-split-vuln  denied t"
STATE,23:03:08,0,webhook-present,mxkb9:1/1:Running swxm5:1/1:Running 
oom-one-p1,23:03:01,9.11,denied-by-policy,"Error from server: error when creating  tests/r1-t3-unsigned-ghcr.yaml : admission webhook  ivpol.validate.kyverno.svc-fail-finegrained-r3c-split-vuln  denied t"
STATE,23:03:11,0,webhook-present,mxkb9:1/1:Running swxm5:1/1:Running 
oom-one-p2,23:03:07,6.28,denied-by-policy,"Error from server: error when creating  tests/r1-t3-unsigned-ghcr.yaml : admission webhook  ivpol.validate.kyverno.svc-fail-finegrained-r3c-split-sbom  denied t"
STATE,23:03:13,0,webhook-present,mxkb9:1/1:Running swxm5:1/1:Running 
EVENT,23:03:15,0,-,oom-one ACTION
EVENT,23:03:16,0,-,OOM: capping memory of the LEADER container kyverno-admission-controller-6d6f7958b6-mxkb9 on forge-r3e-worker2 to 40M
oom-one-p1,23:03:10,5.52,denied-by-policy,"Error from server: error when creating  tests/r1-t3-unsigned-ghcr.yaml : admission webhook  ivpol.validate.kyverno.svc-fail-finegrained-r3c-split-sig  denied th"
oom-one-p2,23:03:13,2.42,webhook-failure,"Error from server (InternalError): error when creating  tests/r1-t3-unsigned-ghcr.yaml : Internal error occurred: failed calling webhook  ivpol.validate.kyverno"
EVENT,23:03:17,0,-,oom-one action returned
oom-one-p1,23:03:16,0.91,webhook-failure,"Error from server (InternalError): error when creating  tests/r1-t3-unsigned-ghcr.yaml : Internal error occurred: failed calling webhook  ivpol.mutate.kyverno.s"
STATE,23:03:17,0,webhook-present,mxkb9:1/1:Running swxm5:1/1:Running 
oom-one-p2,23:03:16,1.33,webhook-failure,"Error from server (InternalError): error when creating  tests/r1-t3-unsigned-ghcr.yaml : Internal error occurred: failed calling webhook  ivpol.mutate.kyverno.s"
oom-one-p1,23:03:17,0.68,webhook-failure,"Error from server (InternalError): error when creating  tests/r1-t3-unsigned-ghcr.yaml : Internal error occurred: failed calling webhook  ivpol.mutate.kyverno.s"
oom-one-p2,23:03:17,1.48,webhook-failure,"Error from server (InternalError): error when creating  tests/r1-t3-unsigned-ghcr.yaml : Internal error occurred: failed calling webhook  ivpol.mutate.kyverno.s"
oom-one-p1,23:03:18,1.46,webhook-failure,"Error from server (InternalError): error when creating  tests/r1-t3-unsigned-ghcr.yaml : Internal error occurred: failed calling webhook  ivpol.mutate.kyverno.s"
oom-one-p1,23:03:19,0.59,webhook-failure,"Error from server (InternalError): error when creating  tests/r1-t3-unsigned-ghcr.yaml : Internal error occurred: failed calling webhook  ivpol.mutate.kyverno.s"
STATE,23:03:20,0,webhook-present,mxkb9:0/1:OOMKilled swxm5:1/1:Running 
STATE,23:03:22,0,webhook-present,mxkb9:0/1:OOMKilled swxm5:1/1:Running 
oom-one-p2,23:03:19,5.72,webhook-failure,"Error from server (InternalError): error when creating  tests/r1-t3-unsigned-ghcr.yaml : Internal error occurred: failed calling webhook  ivpol.validate.kyverno"
STATE,23:03:25,0,webhook-present,mxkb9:0/1:OOMKilled swxm5:1/1:Running 
STATE,23:03:28,0,webhook-present,mxkb9:0/1:Running swxm5:1/1:Running 
oom-one-p1,23:03:20,9.47,denied-by-policy,"Error from server: error when creating  tests/r1-t3-unsigned-ghcr.yaml : admission webhook  ivpol.validate.kyverno.svc-fail-finegrained-r3c-split-sig  denied th"
STATE,23:03:30,0,webhook-present,mxkb9:0/1:Running swxm5:1/1:Running 
oom-one-p2,23:03:25,7.93,denied-by-policy,"Error from server: error when creating  tests/r1-t3-unsigned-ghcr.yaml : admission webhook  ivpol.validate.kyverno.svc-fail-finegrained-r3c-split-sig  denied th"
STATE,23:03:33,0,webhook-present,mxkb9:0/1:Running swxm5:1/1:Running 
STATE,23:03:36,0,webhook-present,mxkb9:0/1:Running swxm5:1/1:Running 
oom-one-p1,23:03:29,7.55,denied-by-policy,"Error from server: error when creating  tests/r1-t3-unsigned-ghcr.yaml : admission webhook  ivpol.validate.kyverno.svc-fail-finegrained-r3c-split-sbom  denied t"
STATE,23:03:39,0,webhook-present,mxkb9:0/1:Running swxm5:1/1:Running 
oom-one-p2,23:03:33,8.79,denied-by-policy,"Error from server: error when creating  tests/r1-t3-unsigned-ghcr.yaml : admission webhook  ivpol.validate.kyverno.svc-fail-finegrained-r3c-split-vuln  denied t"
STATE,23:03:42,0,webhook-present,mxkb9:1/1:Running swxm5:1/1:Running 
STATE,23:03:45,0,webhook-present,mxkb9:1/1:Running swxm5:1/1:Running 
oom-one-p1,23:03:37,8.77,denied-by-policy,"Error from server: error when creating  tests/r1-t3-unsigned-ghcr.yaml : admission webhook  ivpol.validate.kyverno.svc-fail-finegrained-r3c-split-sbom  denied t"
STATE,23:03:47,0,webhook-present,mxkb9:1/1:Running swxm5:1/1:Running 
STATE,23:03:50,0,webhook-present,mxkb9:1/1:Running swxm5:1/1:Running 
oom-one-p2,23:03:41,9.12,denied-by-policy,"Error from server: error when creating  tests/r1-t3-unsigned-ghcr.yaml : admission webhook  ivpol.validate.kyverno.svc-fail-finegrained-r3c-split-sig  denied th"
STATE,23:03:53,0,webhook-present,mxkb9:1/1:Running swxm5:1/1:Running 
oom-one-p1,23:03:46,9.38,denied-by-policy,"Error from server: error when creating  tests/r1-t3-unsigned-ghcr.yaml : admission webhook  ivpol.validate.kyverno.svc-fail-finegrained-r3c-split-sbom  denied t"
STATE,23:03:55,0,webhook-present,mxkb9:1/1:Running swxm5:1/1:Running 
STATE,23:03:58,0,webhook-present,mxkb9:1/1:Running swxm5:1/1:Running 
oom-one-p2,23:03:51,7.87,denied-by-policy,"Error from server: error when creating  tests/r1-t3-unsigned-ghcr.yaml : admission webhook  ivpol.validate.kyverno.svc-fail-finegrained-r3c-split-sbom  denied t"
STATE,23:04:00,0,webhook-present,mxkb9:1/1:Running swxm5:1/1:Running 
oom-one-p1,23:03:55,7.14,denied-by-policy,"Error from server: error when creating  tests/r1-t3-unsigned-ghcr.yaml : admission webhook  ivpol.validate.kyverno.svc-fail-finegrained-r3c-split-sig  denied th"
STATE,23:04:03,0,webhook-present,mxkb9:1/1:Running swxm5:1/1:Running 
oom-one-p2,23:03:58,6.89,denied-by-policy,"Error from server: error when creating  tests/r1-t3-unsigned-ghcr.yaml : admission webhook  ivpol.validate.kyverno.svc-fail-finegrained-r3c-split-sig  denied th"
STATE,23:04:05,0,webhook-present,mxkb9:1/1:Running swxm5:1/1:Running 
STATE,23:04:08,0,webhook-present,mxkb9:1/1:Running swxm5:1/1:Running 
oom-one-p1,23:04:02,6.49,denied-by-policy,"Error from server: error when creating  tests/r1-t3-unsigned-ghcr.yaml : admission webhook  ivpol.validate.kyverno.svc-fail-finegrained-r3c-split-sbom  denied t"
STATE,23:04:11,0,webhook-present,mxkb9:1/1:Running swxm5:1/1:Running 
oom-one-p2,23:04:05,7.00,denied-by-policy,"Error from server: error when creating  tests/r1-t3-unsigned-ghcr.yaml : admission webhook  ivpol.validate.kyverno.svc-fail-finegrained-r3c-split-sig  denied th"
STATE,23:04:13,0,webhook-present,mxkb9:1/1:Running swxm5:1/1:Running 
STATE,23:04:16,0,webhook-present,mxkb9:1/1:Running swxm5:1/1:Running 
oom-one-p1,23:04:09,7.31,denied-by-policy,"Error from server: error when creating  tests/r1-t3-unsigned-ghcr.yaml : admission webhook  ivpol.validate.kyverno.svc-fail-finegrained-r3c-split-sig  denied th"
STATE,23:04:18,0,webhook-present,mxkb9:1/1:Running swxm5:1/1:Running 
oom-one-p2,23:04:12,8.44,denied-by-policy,"Error from server: error when creating  tests/r1-t3-unsigned-ghcr.yaml : admission webhook  ivpol.validate.kyverno.svc-fail-finegrained-r3c-split-vuln  denied t"
STATE,23:04:21,0,webhook-present,mxkb9:1/1:Running swxm5:1/1:Running 
STATE,23:04:24,0,webhook-present,mxkb9:1/1:Running swxm5:1/1:Running 
oom-one-p1,23:04:16,9.31,denied-by-policy,"Error from server: error when creating  tests/r1-t3-unsigned-ghcr.yaml : admission webhook  ivpol.validate.kyverno.svc-fail-finegrained-r3c-split-sbom  denied t"
STATE,23:04:27,0,webhook-present,mxkb9:1/1:Running swxm5:1/1:Running 
oom-one-p2,23:04:21,8.13,denied-by-policy,"Error from server: error when creating  tests/r1-t3-unsigned-ghcr.yaml : admission webhook  ivpol.validate.kyverno.svc-fail-finegrained-r3c-split-sig  denied th"
STATE,23:04:30,0,webhook-present,mxkb9:1/1:Running swxm5:1/1:Running 
STATE,23:04:32,0,webhook-present,mxkb9:1/1:Running swxm5:1/1:Running 
oom-one-p1,23:04:25,6.84,denied-by-policy,"Error from server: error when creating  tests/r1-t3-unsigned-ghcr.yaml : admission webhook  ivpol.validate.kyverno.svc-fail-finegrained-r3c-split-sbom  denied t"
STATE,23:04:35,0,webhook-present,mxkb9:1/1:Running swxm5:1/1:Running 
oom-one-p2,23:04:29,6.30,denied-by-policy,"Error from server: error when creating  tests/r1-t3-unsigned-ghcr.yaml : admission webhook  ivpol.validate.kyverno.svc-fail-finegrained-r3c-split-sig  denied th"
STATE,23:04:37,0,webhook-present,mxkb9:1/1:Running swxm5:1/1:Running 
oom-one-p1,23:04:32,6.29,denied-by-policy,"Error from server: error when creating  tests/r1-t3-unsigned-ghcr.yaml : admission webhook  ivpol.validate.kyverno.svc-fail-finegrained-r3c-split-sbom  denied t"
STATE,23:04:40,0,webhook-present,mxkb9:1/1:Running swxm5:1/1:Running 
STATE,23:04:42,0,webhook-present,mxkb9:1/1:Running swxm5:1/1:Running 
oom-one-p2,23:04:35,7.46,denied-by-policy,"Error from server: error when creating  tests/r1-t3-unsigned-ghcr.yaml : admission webhook  ivpol.validate.kyverno.svc-fail-finegrained-r3c-split-vuln  denied t"
STATE,23:04:45,0,webhook-present,mxkb9:1/1:Running swxm5:1/1:Running 
oom-one-p1,23:04:39,8.73,denied-by-policy,"Error from server: error when creating  tests/r1-t3-unsigned-ghcr.yaml : admission webhook  ivpol.validate.kyverno.svc-fail-finegrained-r3c-split-vuln  denied t"
STATE,23:04:47,0,webhook-present,mxkb9:1/1:Running swxm5:1/1:Running 
STATE,23:04:50,0,webhook-present,mxkb9:1/1:Running swxm5:1/1:Running 
oom-one-p2,23:04:43,9.03,denied-by-policy,"Error from server: error when creating  tests/r1-t3-unsigned-ghcr.yaml : admission webhook  ivpol.validate.kyverno.svc-fail-finegrained-r3c-split-sig  denied th"
STATE,23:04:53,0,webhook-present,mxkb9:1/1:Running swxm5:1/1:Running 
STATE,23:04:55,0,webhook-present,mxkb9:1/1:Running swxm5:1/1:Running 
oom-one-p1,23:04:47,10.06,denied-by-policy,"Error from server: error when creating  tests/r1-t3-unsigned-ghcr.yaml : admission webhook  ivpol.validate.kyverno.svc-fail-finegrained-r3c-split-sig  denied th"
STATE,23:04:58,0,webhook-present,mxkb9:1/1:Running swxm5:1/1:Running 
STATE,23:05:00,0,webhook-present,mxkb9:1/1:Running swxm5:1/1:Running 
oom-one-p2,23:04:52,9.44,denied-by-policy,"Error from server: error when creating  tests/r1-t3-unsigned-ghcr.yaml : admission webhook  ivpol.validate.kyverno.svc-fail-finegrained-r3c-split-sig  denied th"
oom-one-p1,23:04:58,8.38,denied-by-policy,"Error from server: error when creating  tests/r1-t3-unsigned-ghcr.yaml : admission webhook  ivpol.validate.kyverno.svc-fail-finegrained-r3c-split-sig  denied th"
EVENT,23:05:06,0,-,oom-one end
